DROP TABLE hero_attribute;
DROP TABLE attribute;
DROP TABLE hero_power;
DROP TABLE superpower;
DROP TABLE superhero;
DROP TABLE gender;
DROP TABLE colour;
DROP TABLE race;
DROP TABLE publisher;
DROP TABLE alignment;
DROP TABLE superhero_temp;

CREATE TABLE alignment (
  id INT NOT NULL,
  alignment VARCHAR(10) DEFAULT NULL,
  PRIMARY KEY (id)
);

INSERT INTO alignment VALUES (1,'Good'),(2,'Bad'),(3,'Neutral'),(4,'N/A');

CREATE TABLE attribute (
  id INT NOT NULL,
  attribute_name VARCHAR(200) DEFAULT NULL,
  PRIMARY KEY (id)
);

INSERT INTO attribute VALUES (1,'Intelligence'),(2,'Strength'),(3,'Speed'),(4,'Durability'),(5,'Power'),(6,'Combat');

CREATE TABLE colour (
  id INT NOT NULL,
  colour VARCHAR(20) DEFAULT NULL,
  PRIMARY KEY (id)
);

INSERT INTO colour VALUES (1,'No Colour'),(2,'Amber'),(3,'Auburn'),(4,'Black'),(5,'Black/Blue'),(6,'Blond'),(7,'Blue'),(8,'Blue/White'),(9,'Brown'),(10,'Brown/Black'),(11,'Brown/White'),(12,'Gold'),(13,'Grey'),(14,'Green'),(15,'Green/Blue'),(16,'Hazel'),(17,'Indigo'),(18,'Magenta'),(19,'Orange'),(20,'Orange/White'),(21,'Pink'),(22,'Purple'),(23,'Red'),(24,'Red/Black'),(25,'Red/Grey'),(26,'Red/Orange'),(27,'Red/White'),(28,'Silver'),(29,'Strawberry Blond'),(30,'Violet'),(31,'White'),(32,'White/Red'),(33,'Yellow'),(34,'Yellow/Blue'),(35,'Yellow/Red');


CREATE TABLE gender (
  id INT NOT NULL,
  gender VARCHAR(20) DEFAULT NULL,
  PRIMARY KEY (id)
);

INSERT INTO gender VALUES (1,'Male'),(2,'Female'),(3,'N/A');

CREATE TABLE hero_attribute (
  hero_id INT DEFAULT NULL,
  attribute_id INT DEFAULT NULL,
  attribute_value INT DEFAULT NULL,
  CONSTRAINT fk_hat_at FOREIGN KEY (attribute_id) REFERENCES attribute (id),
  CONSTRAINT fk_hat_hero FOREIGN KEY (hero_id) REFERENCES superhero (id)
);

INSERT INTO hero_attribute VALUES (1,1,80),(2,1,75),(3,1,95),(4,1,80),(5,1,85),(6,1,100),(8,1,85),(9,1,85),(10,1,80),(11,1,60),(12,1,90),(13,1,80),(16,1,80),(17,1,55),(18,1,85),(19,1,80),(21,1,85),(22,1,35),(23,1,35),(24,1,90),(26,1,75),(27,1,75),(28,1,95),(29,1,80),(30,1,90),(31,1,100),(32,1,90),(34,1,75),(35,1,90),(36,1,100),(37,1,60),(38,1,85),(39,1,95),(40,1,80),(41,1,85),(42,1,75),(43,1,85),(45,1,90),(44,1,90),(46,1,80),(47,1,80),(48,1,80),(51,1,85),(53,1,85),(50,1,85),(52,1,85),(54,1,90),(55,1,75),(56,1,95),(58,1,85),(59,1,85),(60,1,80),(61,1,85),(62,1,95),(63,1,60),(64,1,95),(65,1,80),(66,1,65),(67,1,70),(68,1,95),(69,1,80),(70,1,85),(72,1,90),(73,1,100),(75,1,95),(74,1,95),(76,1,80),(79,1,100),(80,1,80),(81,1,70),(82,1,90),(83,1,85),(84,1,100),(85,1,95),(86,1,95),(87,1,75),(88,1,90),(89,1,85),(91,1,95),(92,1,80),(93,1,65),(96,1,90),(97,1,85),(98,1,75),(100,1,95),(101,1,90),(102,1,85),(103,1,85),(104,1,90),(105,1,75),(107,1,85),(108,1,80),(109,1,90),(110,1,90),(111,1,95),(113,1,90),(114,1,85),(115,1,75),(116,1,80),(117,1,85),(120,1,80),(121,1,75),(122,1,75),(123,1,60),(124,1,85),(125,1,80),(126,1,65),(127,1,85),(128,1,85),(129,1,80),(130,1,85),(132,1,90),(133,1,75),(135,1,85),(138,1,80),(139,1,100),(140,1,100),(141,1,90),(143,1,85),(144,1,85),(145,1,80),(146,1,85),(148,1,75),(149,1,95),(150,1,85),(151,1,80),(153,1,85),(154,1,95),(155,1,90),(156,1,80),(157,1,85),(158,1,65),(159,1,85),(162,1,90),(164,1,80),(165,1,95),(167,1,90),(169,1,85),(171,1,95),(172,1,85),(173,1,80),(175,1,95),(176,1,85),(177,1,75),(178,1,75),(179,1,95),(180,1,80),(183,1,80),(184,1,75),(185,1,70),(186,1,85),(187,1,90),(188,1,70),(191,1,85),(192,1,80),(193,1,70),(194,1,80),(195,1,60),(196,1,85),(197,1,85),(199,1,60),(200,1,90),(201,1,90),(202,1,90),(203,1,75),(204,1,85),(206,1,75),(208,1,80),(209,1,95),(210,1,95),(212,1,75),(213,1,80),(214,1,85),(215,1,65),(216,1,100),(217,1,85),(218,1,80),(220,1,80),(221,1,85),(222,1,90),(223,1,80),(224,1,80),(225,1,75),(226,1,80),(227,1,90),(228,1,100),(229,1,95),(230,1,95),(231,1,100),(232,1,100),(233,1,85),(234,1,95),(235,1,90),(236,1,90),(237,1,50),(238,1,95),(239,1,100),(240,1,80),(241,1,95),(242,1,85),(243,1,85),(244,1,85),(245,1,80),(246,1,90),(247,1,90),(248,1,85),(249,1,80),(252,1,80),(253,1,85),(254,1,80),(255,1,85),(257,1,75),(258,1,95),(259,1,95),(260,1,75),(262,1,80),(263,1,75),(264,1,75),(265,1,80),(266,1,80),(267,1,75),(268,1,90),(269,1,85),(271,1,95),(272,1,85),(273,1,85),(274,1,85),(275,1,85),(276,1,75),(277,1,85),(278,1,75),(280,1,85),(281,1,90),(282,1,80),(283,1,85),(284,1,100),(285,1,80),(287,1,70),(288,1,95),(290,1,95),(291,1,80),(292,1,90),(293,1,75),(294,1,80),(295,1,80),(298,1,95),(299,1,100),(300,1,80),(301,1,75),(302,1,95),(304,1,90),(306,1,90),(307,1,85),(308,1,75),(309,1,80),(310,1,80),(311,1,80),(312,1,90),(313,1,90),(316,1,80),(317,1,85),(318,1,95),(319,1,90),(321,1,75),(322,1,80),(323,1,80),(325,1,90),(326,1,90),(327,1,75),(328,1,75),(330,1,75),(331,1,85),(332,1,85),(334,1,80),(335,1,85),(336,1,75),(337,1,80),(338,1,65),(339,1,85),(340,1,85),(341,1,75),(342,1,95),(343,1,85),(344,1,85),(345,1,85),(347,1,75),(348,1,95),(349,1,85),(350,1,80),(351,1,85),(352,1,90),(353,1,75),(355,1,90),(356,1,100),(357,1,95),(358,1,90),(360,1,85),(361,1,35),(364,1,85),(365,1,60),(367,1,85),(368,1,100),(369,1,90),(370,1,90),(371,1,90),(375,1,60),(376,1,75),(377,1,95),(379,1,85),(381,1,90),(382,1,100),(383,1,85),(384,1,80),(385,1,90),(386,1,75),(387,1,80),(388,1,80),(389,1,70),(391,1,100),(392,1,85),(393,1,90),(394,1,80),(395,1,65),(396,1,75),(397,1,65),(398,1,70),(399,1,65),(400,1,95),(402,1,80),(403,1,80),(404,1,90),(405,1,85),(407,1,80),(408,1,80),(410,1,55),(412,1,80),(413,1,90),(414,1,85),(415,1,100),(416,1,65),(418,1,90),(419,1,100),(420,1,75),(421,1,75),(422,1,75),(423,1,90),(424,1,100),(425,1,55),(426,1,80),(427,1,100),(428,1,95),(429,1,80),(430,1,100),(431,1,80),(433,1,85),(434,1,75),(435,1,70),(436,1,90),(437,1,85),(438,1,95),(439,1,80),(440,1,95),(441,1,100),(442,1,75),(443,1,80),(444,1,85),(445,1,100),(446,1,85),(447,1,100),(448,1,85),(450,1,90),(451,1,90),(452,1,85),(453,1,85),(454,1,90),(455,1,80),(456,1,90),(457,1,75),(458,1,95),(459,1,80),(460,1,90),(461,1,70),(463,1,95),(464,1,85),(465,1,85),(466,1,75),(467,1,85),(469,1,85),(470,1,85),(471,1,100),(472,1,90),(473,1,90),(474,1,100),(475,1,100),(476,1,100),(477,1,90),(478,1,100),(479,1,80),(481,1,85),(482,1,75),(483,1,80),(484,1,95),(485,1,80),(486,1,80),(487,1,80),(488,1,85),(489,1,65),(490,1,90),(491,1,80),(492,1,80),(493,1,75),(494,1,85),(495,1,95),(496,1,90),(498,1,80),(499,1,80),(500,1,75),(502,1,85),(503,1,80),(504,1,90),(505,1,80),(506,1,95),(507,1,85),(508,1,85),(509,1,85),(510,1,80),(511,1,100),(513,1,100),(514,1,80),(515,1,70),(517,1,65),(518,1,100),(519,1,95),(520,1,90),(521,1,90),(523,1,100),(524,1,55),(525,1,50),(528,1,65),(529,1,95),(530,1,70),(531,1,70),(532,1,75),(533,1,100),(534,1,100),(535,1,85),(537,1,80),(538,1,80),(539,1,95),(540,1,85),(541,1,100),(542,1,50),(543,1,85),(544,1,100),(545,1,100),(546,1,85),(547,1,85),(548,1,85),(549,1,80),(550,1,75),(551,1,100),(552,1,90),(554,1,95),(555,1,85),(556,1,75),(557,1,100),(558,1,85),(560,1,85),(561,1,80),(562,1,80),(563,1,70),(565,1,90),(566,1,80),(567,1,65),(568,1,95),(569,1,90),(574,1,85),(575,1,65),(576,1,95),(577,1,100),(578,1,100),(580,1,95),(581,1,90),(582,1,95),(583,1,85),(584,1,80),(585,1,90),(586,1,80),(587,1,90),(589,1,90),(590,1,80),(591,1,90),(592,1,80),(593,1,90),(594,1,95),(595,1,95),(596,1,85),(597,1,95),(598,1,90),(599,1,95),(600,1,100),(601,1,75),(602,1,80),(603,1,85),(604,1,90),(606,1,90),(607,1,85),(608,1,95),(609,1,85),(610,1,85),(611,1,95),(612,1,95),(614,1,85),(615,1,85),(616,1,80),(618,1,85),(619,1,90),(621,1,85),(622,1,80),(623,1,80),(625,1,90),(626,1,80),(628,1,75),(629,1,80),(631,1,80),(632,1,80),(633,1,55),(634,1,90),(635,1,75),(636,1,90),(637,1,95),(640,1,80),(641,1,65),(642,1,85),(643,1,90),(644,1,100),(646,1,80),(648,1,80),(650,1,95),(653,1,85),(654,1,95),(655,1,80),(656,1,85),(657,1,85),(658,1,95),(659,1,85),(660,1,100),(661,1,90),(662,1,60),(663,1,85),(664,1,90),(665,1,100),(666,1,100),(667,1,100),(668,1,95),(669,1,95),(670,1,90),(671,1,90),(672,1,90),(673,1,90),(674,1,90),(675,1,90),(676,1,90),(677,1,90),(678,1,75),(679,1,100),(680,1,100),(682,1,85),(683,1,100),(684,1,90),(685,1,85),(686,1,90),(687,1,80),(690,1,85),(691,1,75),(692,1,75),(693,1,85),(694,1,100),(696,1,80),(698,1,80),(700,1,95),(701,1,85),(702,1,80),(703,1,95),(704,1,80),(706,1,80),(709,1,75),(710,1,85),(711,1,95),(712,1,90),(713,1,80),(714,1,85),(715,1,85),(717,1,80),(719,1,85),(720,1,55),(721,1,80),(724,1,80),(725,1,70),(726,1,90),(727,1,80),(728,1,85),(730,1,95),(731,1,75),(732,1,75),(733,1,85),(734,1,100),(735,1,80),(736,1,85),(737,1,80),(738,1,80),(741,1,75),(742,1,85),(743,1,90),(744,1,90),(745,1,95),(747,1,60),(748,1,90),(749,1,95),(752,1,80),(753,1,80),(754,1,95),(756,1,80),(1,2,35),(2,2,100),(3,2,30),(4,2,90),(5,2,80),(6,2,100),(8,2,10),(9,2,10),(10,2,40),(11,2,10),(12,2,30),(13,2,85),(16,2,80),(17,2,35),(18,2,10),(19,2,30),(21,2,100),(22,2,45),(23,2,25),(24,2,30),(26,2,55),(27,2,10),(28,2,100),(29,2,50),(30,2,80),(31,2,20),(32,2,20),(34,2,60),(35,2,60),(36,2,100),(37,2,20),(38,2,45),(39,2,85),(40,2,50),(41,2,15),(42,2,65),(43,2,100),(45,2,85),(44,2,100),(46,2,10),(47,2,65),(48,2,55),(51,2,80),(53,2,80),(50,2,100),(52,2,100),(54,2,95),(55,2,10),(56,2,10),(58,2,55),(59,2,10),(60,2,15),(61,2,20),(62,2,95),(63,2,50),(64,2,40),(65,2,10),(66,2,55),(67,2,45),(68,2,15),(69,2,65),(70,2,15),(72,2,10),(73,2,20),(75,2,40),(74,2,15),(76,2,55),(79,2,50),(80,2,30),(81,2,60),(82,2,100),(83,2,80),(84,2,100),(85,2,100),(86,2,100),(87,2,10),(88,2,15),(89,2,40),(91,2,100),(92,2,40),(93,2,10),(96,2,55),(97,2,15),(98,2,95),(100,2,100),(101,2,70),(102,2,10),(103,2,10),(104,2,20),(105,2,10),(107,2,10),(108,2,15),(109,2,10),(110,2,30),(111,2,20),(113,2,60),(114,2,35),(115,2,10),(116,2,30),(117,2,30),(120,2,10),(121,2,75),(122,2,10),(123,2,85),(124,2,80),(125,2,10),(126,2,75),(127,2,80),(128,2,45),(129,2,35),(130,2,10),(132,2,90),(133,2,10),(135,2,85),(138,2,75),(139,2,95),(140,2,10),(141,2,60),(143,2,35),(144,2,30),(145,2,15),(146,2,30),(148,2,10),(149,2,50),(150,2,55),(151,2,10),(153,2,20),(154,2,95),(155,2,80),(156,2,10),(157,2,85),(158,2,10),(159,2,85),(162,2,85),(164,2,90),(165,2,95),(167,2,85),(169,2,15),(171,2,80),(172,2,70),(173,2,10),(175,2,10),(176,2,10),(177,2,10),(178,2,20),(179,2,100),(180,2,40),(183,2,95),(184,2,10),(185,2,40),(186,2,10),(187,2,10),(188,2,65),(191,2,85),(192,2,10),(193,2,35),(194,2,10),(195,2,60),(196,2,70),(197,2,20),(199,2,100),(200,2,55),(201,2,95),(202,2,10),(203,2,35),(204,2,10),(206,2,10),(208,2,35),(209,2,15),(210,2,100),(212,2,10),(213,2,50),(214,2,50),(215,2,15),(216,2,35),(217,2,10),(218,2,10),(220,2,10),(221,2,35),(222,2,30),(223,2,50),(224,2,95),(225,2,20),(226,2,15),(227,2,80),(228,2,35),(229,2,75),(230,2,20),(231,2,50),(232,2,10),(233,2,10),(234,2,15),(235,2,90),(236,2,100),(237,2,65),(238,2,95),(239,2,100),(240,2,80),(241,2,80),(242,2,35),(243,2,10),(244,2,15),(245,2,10),(246,2,10),(247,2,65),(248,2,15),(249,2,80),(252,2,85),(253,2,35),(254,2,35),(255,2,85),(257,2,15),(258,2,85),(259,2,95),(260,2,30),(262,2,85),(263,2,10),(264,2,65),(265,2,10),(266,2,55),(267,2,80),(268,2,70),(269,2,10),(271,2,50),(272,2,10),(273,2,10),(274,2,10),(275,2,80),(276,2,10),(277,2,55),(278,2,80),(280,2,10),(281,2,85),(282,2,90),(283,2,5),(284,2,100),(285,2,75),(287,2,85),(288,2,85),(290,2,90),(291,2,100),(292,2,10),(293,2,100),(294,2,35),(295,2,100),(298,2,55),(299,2,100),(300,2,35),(301,2,10),(302,2,15),(304,2,55),(306,2,90),(307,2,80),(308,2,90),(309,2,85),(310,2,90),(311,2,90),(312,2,85),(313,2,65),(316,2,10),(317,2,90),(318,2,15),(319,2,10),(321,2,40),(322,2,15),(323,2,10),(325,2,40),(326,2,85),(327,2,85),(328,2,80),(330,2,10),(331,2,100),(332,2,55),(334,2,65),(335,2,100),(336,2,15),(337,2,10),(338,2,60),(339,2,80),(340,2,10),(341,2,55),(342,2,100),(343,2,15),(344,2,10),(345,2,65),(347,2,15),(348,2,100),(349,2,35),(350,2,10),(351,2,10),(352,2,65),(353,2,30),(355,2,55),(356,2,85),(357,2,65),(358,2,50),(360,2,55),(361,2,35),(364,2,15),(365,2,10),(367,2,35),(368,2,80),(369,2,10),(370,2,10),(371,2,60),(375,2,45),(376,2,40),(377,2,10),(379,2,10),(381,2,15),(382,2,10),(383,2,15),(384,2,10),(385,2,20),(386,2,100),(387,2,40),(388,2,10),(389,2,40),(391,2,50),(392,2,65),(393,2,10),(394,2,10),(395,2,10),(396,2,10),(397,2,5),(398,2,45),(399,2,55),(400,2,10),(402,2,100),(403,2,90),(404,2,20),(405,2,40),(407,2,95),(408,2,35),(410,2,80),(412,2,45),(413,2,75),(414,2,30),(415,2,10),(416,2,5),(418,2,20),(419,2,55),(420,2,10),(421,2,10),(422,2,10),(423,2,55),(424,2,100),(425,2,35),(426,2,55),(427,2,100),(428,2,65),(429,2,10),(430,2,100),(431,2,65),(433,2,40),(434,2,10),(435,2,65),(436,2,40),(437,2,35),(438,2,80),(439,2,50),(440,2,100),(441,2,100),(442,2,20),(443,2,35),(444,2,45),(445,2,30),(446,2,10),(447,2,95),(448,2,85),(450,2,75),(451,2,95),(452,2,10),(453,2,10),(454,2,90),(455,2,10),(456,2,35),(457,2,10),(458,2,85),(459,2,65),(460,2,55),(461,2,85),(463,2,10),(464,2,10),(465,2,15),(466,2,30),(467,2,70),(469,2,35),(470,2,85),(471,2,10),(472,2,35),(473,2,10),(474,2,85),(475,2,50),(476,2,25),(477,2,35),(478,2,20),(479,2,85),(481,2,100),(482,2,40),(483,2,75),(484,2,100),(485,2,10),(486,2,40),(487,2,70),(488,2,60),(489,2,50),(490,2,30),(491,2,10),(492,2,85),(493,2,65),(494,2,15),(495,2,10),(496,2,15),(498,2,85),(499,2,75),(500,2,90),(502,2,55),(503,2,10),(504,2,15),(505,2,10),(506,2,15),(507,2,55),(508,2,5),(509,2,45),(510,2,20),(511,2,85),(513,2,85),(514,2,10),(515,2,70),(517,2,100),(518,2,100),(519,2,100),(520,2,15),(521,2,85),(523,2,20),(524,2,30),(525,2,15),(528,2,45),(529,2,10),(530,2,60),(531,2,35),(532,2,10),(533,2,10),(534,2,100),(535,2,60),(537,2,65),(538,2,10),(539,2,15),(540,2,75),(541,2,100),(542,2,80),(543,2,30),(544,2,10),(545,2,10),(546,2,40),(547,2,35),(548,2,20),(549,2,10),(550,2,10),(551,2,15),(552,2,40),(554,2,15),(555,2,30),(556,2,10),(557,2,30),(558,2,5),(560,2,20),(561,2,10),(562,2,10),(563,2,85),(565,2,15),(566,2,100),(567,2,10),(568,2,15),(569,2,10),(574,2,10),(575,2,80),(576,2,15),(577,2,10),(578,2,10),(580,2,15),(581,2,15),(582,2,15),(583,2,10),(584,2,10),(585,2,35),(586,2,5),(587,2,10),(589,2,10),(590,2,50),(591,2,10),(592,2,75),(593,2,80),(594,2,10),(595,2,85),(596,2,70),(597,2,10),(598,2,55),(599,2,55),(600,2,10),(601,2,30),(602,2,55),(603,2,85),(604,2,100),(606,2,15),(607,2,10),(608,2,10),(609,2,15),(610,2,50),(611,2,100),(612,2,100),(614,2,75),(615,2,10),(616,2,10),(618,2,90),(619,2,50),(621,2,50),(622,2,100),(623,2,30),(625,2,85),(626,2,65),(628,2,10),(629,2,85),(631,2,35),(632,2,35),(633,2,95),(634,2,40),(635,2,20),(636,2,75),(637,2,100),(640,2,10),(641,2,75),(642,2,40),(643,2,55),(644,2,55),(646,2,45),(648,2,50),(650,2,20),(653,2,20),(654,2,85),(655,2,80),(656,2,80),(657,2,10),(658,2,85),(659,2,10),(660,2,100),(661,2,10),(662,2,10),(663,2,65),(664,2,95),(665,2,100),(666,2,100),(667,2,100),(668,2,100),(669,2,95),(670,2,20),(671,2,10),(672,2,70),(673,2,35),(674,2,35),(675,2,80),(676,2,65),(677,2,15),(678,2,10),(679,2,100),(680,2,100),(682,2,15),(683,2,100),(684,2,85),(685,2,100),(686,2,85),(687,2,35),(690,2,80),(691,2,85),(692,2,75),(693,2,35),(694,2,10),(696,2,35),(698,2,55),(700,2,100),(701,2,10),(702,2,65),(703,2,10),(704,2,80),(706,2,80),(709,2,85),(710,2,10),(711,2,100),(712,2,60),(713,2,60),(714,2,75),(715,2,60),(717,2,10),(719,2,65),(720,2,65),(721,2,10),(724,2,40),(725,2,70),(726,2,25),(727,2,30),(728,2,80),(730,2,40),(731,2,10),(732,2,75),(733,2,20),(734,2,80),(735,2,65),(736,2,10),(737,2,45),(738,2,35),(741,2,20),(742,2,35),(743,2,90),(744,2,100),(745,2,100),(747,2,10),(748,2,25),(749,2,55),(752,2,10),(753,2,100),(754,2,55),(756,2,10),(1,3,45),(2,3,20),(3,3,35),(4,3,55),(5,3,55),(6,3,85),(8,3,15),(9,3,35),(10,3,45),(11,3,15),(12,3,40),(13,3,100),(16,3,45),(17,3,40),(18,3,20),(19,3,45),(21,3,85),(22,3,35),(23,3,30),(24,3,60),(26,3,25),(27,3,30),(28,3,100),(29,3,50),(30,3,50),(31,3,25),(32,3,20),(34,3,55),(35,3,65),(36,3,35),(37,3,15),(38,3,45),(39,3,80),(40,3,50),(41,3,60),(42,3,25),(43,3,100),(45,3,35),(44,3,75),(46,3,15),(47,3,15),(48,3,60),(51,3,25),(53,3,25),(50,3,45),(52,3,45),(54,3,75),(55,3,25),(56,3,35),(58,3,55),(59,3,100),(60,3,50),(61,3,20),(62,3,95),(63,3,35),(64,3,25),(65,3,60),(66,3,25),(67,3,50),(68,3,35),(69,3,70),(70,3,30),(72,3,25),(73,3,30),(75,3,30),(74,3,35),(76,3,35),(79,3,40),(80,3,50),(81,3,65),(82,3,100),(83,3,35),(84,3,100),(85,3,60),(86,3,80),(87,3,15),(88,3,25),(89,3,35),(91,3,100),(92,3,35),(93,3,35),(96,3,70),(97,3,25),(98,3,100),(100,3,95),(101,3,100),(102,3,35),(103,3,35),(104,3,35),(105,3,100),(107,3,10),(108,3,55),(109,3,35),(110,3,50),(111,3,30),(113,3,80),(114,3,45),(115,3,35),(116,3,10),(117,3,40),(120,3,20),(121,3,60),(122,3,30),(123,3,25),(124,3,35),(125,3,50),(126,3,65),(127,3,80),(128,3,55),(129,3,60),(130,3,40),(132,3,80),(133,3,15),(135,3,45),(138,3,25),(139,3,65),(140,3,25),(141,3,50),(143,3,25),(144,3,45),(145,3,25),(146,3,25),(148,3,10),(149,3,25),(150,3,25),(151,3,25),(153,3,40),(154,3,85),(155,3,50),(156,3,20),(157,3,75),(158,3,85),(159,3,85),(162,3,30),(164,3,75),(165,3,95),(167,3,80),(169,3,35),(171,3,55),(172,3,70),(173,3,20),(175,3,20),(176,3,25),(177,3,45),(178,3,45),(179,3,90),(180,3,25),(183,3,35),(184,3,15),(185,3,45),(186,3,50),(187,3,20),(188,3,60),(191,3,35),(192,3,25),(193,3,45),(194,3,10),(195,3,40),(196,3,60),(197,3,15),(199,3,75),(200,3,45),(201,3,95),(202,3,25),(203,3,40),(204,3,35),(206,3,10),(208,3,35),(209,3,25),(210,3,85),(212,3,35),(213,3,50),(214,3,35),(215,3,95),(216,3,25),(217,3,35),(218,3,35),(220,3,25),(221,3,30),(222,3,35),(223,3,45),(224,3,60),(225,3,25),(226,3,15),(227,3,35),(228,3,20),(229,3,55),(230,3,25),(231,3,35),(232,3,15),(233,3,30),(234,3,50),(235,3,85),(236,3,70),(237,3,60),(238,3,85),(239,3,45),(240,3,25),(241,3,85),(242,3,35),(243,3,50),(244,3,30),(245,3,15),(246,3,35),(247,3,35),(248,3,25),(249,3,85),(252,3,20),(253,3,50),(254,3,35),(255,3,30),(257,3,50),(258,3,85),(259,3,75),(260,3,45),(262,3,25),(263,3,40),(264,3,75),(265,3,55),(266,3,60),(267,3,60),(268,3,70),(269,3,100),(271,3,100),(272,3,100),(273,3,100),(274,3,15),(275,3,50),(276,3,5),(277,3,35),(278,3,50),(280,3,25),(281,3,45),(282,3,65),(283,3,10),(284,3,100),(285,3,75),(287,3,95),(288,3,40),(290,3,25),(291,3,100),(292,3,25),(293,3,55),(294,3,50),(295,3,75),(298,3,35),(299,3,90),(300,3,35),(301,3,15),(302,3,35),(304,3,40),(306,3,85),(307,3,25),(308,3,55),(309,3,45),(310,3,45),(311,3,50),(312,3,35),(313,3,65),(316,3,20),(317,3,70),(318,3,35),(319,3,25),(321,3,35),(322,3,25),(323,3,10),(325,3,60),(326,3,85),(327,3,90),(328,3,85),(330,3,20),(331,3,50),(332,3,25),(334,3,60),(335,3,50),(336,3,95),(337,3,30),(338,3,60),(339,3,80),(340,3,15),(341,3,55),(342,3,65),(343,3,65),(344,3,25),(345,3,35),(347,3,25),(348,3,100),(349,3,55),(350,3,100),(351,3,20),(352,3,50),(353,3,20),(355,3,35),(356,3,60),(357,3,25),(358,3,75),(360,3,100),(361,3,70),(364,3,20),(365,3,35),(367,3,25),(368,3,25),(369,3,20),(370,3,35),(371,3,100),(375,3,45),(376,3,25),(377,3,10),(379,3,10),(381,3,35),(382,3,15),(383,3,30),(384,3,25),(385,3,40),(386,3,45),(387,3,20),(388,3,35),(389,3,50),(391,3,60),(392,3,70),(393,3,25),(394,3,25),(395,3,15),(396,3,25),(397,3,95),(398,3,100),(399,3,35),(400,3,15),(402,3,75),(403,3,50),(404,3,25),(405,3,35),(407,3,65),(408,3,25),(410,3,100),(412,3,35),(413,3,80),(414,3,45),(415,3,15),(416,3,15),(418,3,50),(419,3,25),(420,3,35),(421,3,25),(422,3,25),(423,3,35),(424,3,100),(425,3,30),(426,3,60),(427,3,55),(428,3,50),(429,3,30),(430,3,85),(431,3,30),(433,3,45),(434,3,85),(435,3,50),(436,3,60),(437,3,35),(438,3,30),(439,3,25),(440,3,70),(441,3,100),(442,3,50),(443,3,10),(444,3,35),(445,3,25),(446,3,35),(447,3,95),(448,3,50),(450,3,35),(451,3,85),(452,3,15),(453,3,15),(454,3,35),(455,3,15),(456,3,35),(457,3,15),(458,3,35),(459,3,80),(460,3,25),(461,3,70),(463,3,50),(464,3,15),(465,3,50),(466,3,30),(467,3,50),(469,3,25),(470,3,60),(471,3,20),(472,3,15),(473,3,20),(474,3,100),(475,3,50),(476,3,35),(477,3,40),(478,3,25),(479,3,85),(481,3,70),(482,3,35),(483,3,25),(484,3,100),(485,3,35),(486,3,25),(487,3,50),(488,3,35),(489,3,40),(490,3,15),(491,3,10),(492,3,35),(493,3,25),(494,3,25),(495,3,20),(496,3,25),(498,3,45),(499,3,50),(500,3,75),(502,3,15),(503,3,10),(504,3,25),(505,3,50),(506,3,35),(507,3,35),(508,3,10),(509,3,40),(510,3,85),(511,3,75),(513,3,70),(514,3,35),(515,3,50),(517,3,95),(518,3,100),(519,3,35),(520,3,25),(521,3,60),(523,3,35),(524,3,20),(525,3,25),(528,3,70),(529,3,15),(530,3,100),(531,3,35),(532,3,25),(533,3,25),(534,3,85),(535,3,25),(537,3,25),(538,3,25),(539,3,30),(540,3,45),(541,3,100),(542,3,40),(543,3,25),(544,3,15),(545,3,100),(546,3,25),(547,3,25),(548,3,25),(549,3,10),(550,3,15),(551,3,20),(552,3,50),(554,3,30),(555,3,100),(556,3,15),(557,3,35),(558,3,10),(560,3,50),(561,3,30),(562,3,95),(563,3,80),(565,3,25),(566,3,50),(567,3,25),(568,3,30),(569,3,15),(574,3,25),(575,3,45),(576,3,25),(577,3,15),(578,3,10),(580,3,30),(581,3,30),(582,3,30),(583,3,35),(584,3,25),(585,3,15),(586,3,25),(587,3,15),(589,3,30),(590,3,40),(591,3,15),(592,3,50),(593,3,25),(594,3,50),(595,3,35),(596,3,55),(597,3,15),(598,3,60),(599,3,60),(600,3,30),(601,3,45),(602,3,60),(603,3,15),(604,3,100),(606,3,30),(607,3,70),(608,3,25),(609,3,30),(610,3,45),(611,3,90),(612,3,45),(614,3,25),(615,3,25),(616,3,25),(618,3,70),(619,3,75),(621,3,70),(622,3,100),(623,3,35),(625,3,55),(626,3,80),(628,3,50),(629,3,30),(631,3,30),(632,3,25),(633,3,15),(634,3,30),(635,3,35),(636,3,50),(637,3,100),(640,3,35),(641,3,70),(642,3,60),(643,3,65),(644,3,70),(646,3,45),(648,3,30),(650,3,20),(653,3,35),(654,3,100),(655,3,35),(656,3,50),(657,3,45),(658,3,55),(659,3,55),(660,3,85),(661,3,50),(662,3,10),(663,3,35),(664,3,85),(665,3,100),(666,3,100),(667,3,100),(668,3,60),(669,3,25),(670,3,50),(671,3,15),(672,3,25),(673,3,35),(674,3,20),(675,3,25),(676,3,30),(677,3,50),(678,3,45),(679,3,35),(680,3,35),(682,3,20),(683,3,100),(684,3,25),(685,3,85),(686,3,70),(687,3,30),(690,3,70),(691,3,35),(692,3,50),(693,3,55),(694,3,25),(696,3,60),(698,3,65),(700,3,85),(701,3,25),(702,3,50),(703,3,15),(704,3,35),(706,3,25),(709,3,75),(710,3,75),(711,3,95),(712,3,65),(713,3,50),(714,3,35),(715,3,65),(717,3,20),(719,3,55),(720,3,25),(721,3,15),(724,3,50),(725,3,75),(726,3,45),(727,3,10),(728,3,65),(730,3,80),(731,3,25),(732,3,50),(733,3,60),(734,3,70),(735,3,65),(736,3,35),(737,3,45),(738,3,25),(741,3,35),(742,3,50),(743,3,25),(744,3,55),(745,3,80),(747,3,15),(748,3,45),(749,3,55),(752,3,35),(753,3,30),(754,3,35),(756,3,100),(1,4,45),(2,4,20),(3,4,35),(4,4,55),(5,4,55),(6,4,85),(8,4,15),(9,4,35),(10,4,45),(11,4,15),(12,4,40),(13,4,100),(16,4,45),(17,4,40),(18,4,20),(19,4,45),(21,4,85),(22,4,35),(23,4,30),(24,4,60),(26,4,25),(27,4,30),(28,4,100),(29,4,50),(30,4,50),(31,4,25),(32,4,20),(34,4,55),(35,4,65),(36,4,35),(37,4,15),(38,4,45),(39,4,80),(40,4,50),(41,4,60),(42,4,25),(43,4,100),(45,4,35),(44,4,75),(46,4,15),(47,4,15),(48,4,60),(51,4,25),(53,4,25),(50,4,45),(52,4,45),(54,4,75),(55,4,25),(56,4,35),(58,4,55),(59,4,100),(60,4,50),(61,4,20),(62,4,95),(63,4,35),(64,4,25),(65,4,60),(66,4,25),(67,4,50),(68,4,35),(69,4,70),(70,4,30),(72,4,25),(73,4,30),(75,4,30),(74,4,35),(76,4,35),(79,4,40),(80,4,50),(81,4,65),(82,4,100),(83,4,35),(84,4,100),(85,4,60),(86,4,80),(87,4,15),(88,4,25),(89,4,35),(91,4,100),(92,4,35),(93,4,35),(96,4,70),(97,4,25),(98,4,100),(100,4,95),(101,4,100),(102,4,35),(103,4,35),(104,4,35),(105,4,100),(107,4,10),(108,4,55),(109,4,35),(110,4,50),(111,4,30),(113,4,80),(114,4,45),(115,4,35),(116,4,10),(117,4,40),(120,4,20),(121,4,60),(122,4,30),(123,4,25),(124,4,35),(125,4,50),(126,4,65),(127,4,80),(128,4,55),(129,4,60),(130,4,40),(132,4,80),(133,4,15),(135,4,45),(138,4,25),(139,4,65),(140,4,25),(141,4,50),(143,4,25),(144,4,45),(145,4,25),(146,4,25),(148,4,10),(149,4,25),(150,4,25),(151,4,25),(153,4,40),(154,4,85),(155,4,50),(156,4,20),(157,4,75),(158,4,85),(159,4,85),(162,4,30),(164,4,75),(165,4,95),(167,4,80),(169,4,35),(171,4,55),(172,4,70),(173,4,20),(175,4,20),(176,4,25),(177,4,45),(178,4,45),(179,4,90),(180,4,25),(183,4,35),(184,4,15),(185,4,45),(186,4,50),(187,4,20),(188,4,60),(191,4,35),(192,4,25),(193,4,45),(194,4,10),(195,4,40),(196,4,60),(197,4,15),(199,4,75),(200,4,45),(201,4,95),(202,4,25),(203,4,40),(204,4,35),(206,4,10),(208,4,35),(209,4,25),(210,4,85),(212,4,35),(213,4,50),(214,4,35),(215,4,95),(216,4,25),(217,4,35),(218,4,35),(220,4,25),(221,4,30),(222,4,35),(223,4,45),(224,4,60),(225,4,25),(226,4,15),(227,4,35),(228,4,20),(229,4,55),(230,4,25),(231,4,35),(232,4,15),(233,4,30),(234,4,50),(235,4,85),(236,4,70),(237,4,60),(238,4,85),(239,4,45),(240,4,25),(241,4,85),(242,4,35),(243,4,50),(244,4,30),(245,4,15),(246,4,35),(247,4,35),(248,4,25),(249,4,85),(252,4,20),(253,4,50),(254,4,35),(255,4,30),(257,4,50),(258,4,85),(259,4,75),(260,4,45),(262,4,25),(263,4,40),(264,4,75),(265,4,55),(266,4,60),(267,4,60),(268,4,70),(269,4,100),(271,4,100),(272,4,100),(273,4,100),(274,4,15),(275,4,50),(276,4,5),(277,4,35),(278,4,50),(280,4,25),(281,4,45),(282,4,65),(283,4,10),(284,4,100),(285,4,75),(287,4,95),(288,4,40),(290,4,25),(291,4,100),(292,4,25),(293,4,55),(294,4,50),(295,4,75),(298,4,35),(299,4,90),(300,4,35),(301,4,15),(302,4,35),(304,4,40),(306,4,85),(307,4,25),(308,4,55),(309,4,45),(310,4,45),(311,4,50),(312,4,35),(313,4,65),(316,4,20),(317,4,70),(318,4,35),(319,4,25),(321,4,35),(322,4,25),(323,4,10),(325,4,60),(326,4,85),(327,4,90),(328,4,85),(330,4,20),(331,4,50),(332,4,25),(334,4,60),(335,4,50),(336,4,95),(337,4,30),(338,4,60),(339,4,80),(340,4,15),(341,4,55),(342,4,65),(343,4,65),(344,4,25),(345,4,35),(347,4,25),(348,4,100),(349,4,55),(350,4,100),(351,4,20),(352,4,50),(353,4,20),(355,4,35),(356,4,60),(357,4,25),(358,4,75),(360,4,100),(361,4,70),(364,4,20),(365,4,35),(367,4,25),(368,4,25),(369,4,20),(370,4,35),(371,4,100),(375,4,45),(376,4,25),(377,4,10),(379,4,10),(381,4,35),(382,4,15),(383,4,30),(384,4,25),(385,4,40),(386,4,45),(387,4,20),(388,4,35),(389,4,50),(391,4,60),(392,4,70),(393,4,25),(394,4,25),(395,4,15),(396,4,25),(397,4,95),(398,4,100),(399,4,35),(400,4,15),(402,4,75),(403,4,50),(404,4,25),(405,4,35),(407,4,65),(408,4,25),(410,4,100),(412,4,35),(413,4,80),(414,4,45),(415,4,15),(416,4,15),(418,4,50),(419,4,25),(420,4,35),(421,4,25),(422,4,25),(423,4,35),(424,4,100),(425,4,30),(426,4,60),(427,4,55),(428,4,50),(429,4,30),(430,4,85),(431,4,30),(433,4,45),(434,4,85),(435,4,50),(436,4,60),(437,4,35),(438,4,30),(439,4,25),(440,4,70),(441,4,100),(442,4,50),(443,4,10),(444,4,35),(445,4,25),(446,4,35),(447,4,95),(448,4,50),(450,4,35),(451,4,85),(452,4,15),(453,4,15),(454,4,35),(455,4,15),(456,4,35),(457,4,15),(458,4,35),(459,4,80),(460,4,25),(461,4,70),(463,4,50),(464,4,15),(465,4,50),(466,4,30),(467,4,50),(469,4,25),(470,4,60),(471,4,20),(472,4,15),(473,4,20),(474,4,100),(475,4,50),(476,4,35),(477,4,40),(478,4,25),(479,4,85),(481,4,70),(482,4,35),(483,4,25),(484,4,100),(485,4,35),(486,4,25),(487,4,50),(488,4,35),(489,4,40),(490,4,15),(491,4,10),(492,4,35),(493,4,25),(494,4,25),(495,4,20),(496,4,25),(498,4,45),(499,4,50),(500,4,75),(502,4,15),(503,4,10),(504,4,25),(505,4,50),(506,4,35),(507,4,35),(508,4,10),(509,4,40),(510,4,85),(511,4,75),(513,4,70),(514,4,35),(515,4,50),(517,4,95),(518,4,100),(519,4,35),(520,4,25),(521,4,60),(523,4,35),(524,4,20),(525,4,25),(528,4,70),(529,4,15),(530,4,100),(531,4,35),(532,4,25),(533,4,25),(534,4,85),(535,4,25),(537,4,25),(538,4,25),(539,4,30),(540,4,45),(541,4,100),(542,4,40),(543,4,25),(544,4,15),(545,4,100),(546,4,25),(547,4,25),(548,4,25),(549,4,10),(550,4,15),(551,4,20),(552,4,50),(554,4,30),(555,4,100),(556,4,15),(557,4,35),(558,4,10),(560,4,50),(561,4,30),(562,4,95),(563,4,80),(565,4,25),(566,4,50),(567,4,25),(568,4,30),(569,4,15),(574,4,25),(575,4,45),(576,4,25),(577,4,15),(578,4,10),(580,4,30),(581,4,30),(582,4,30),(583,4,35),(584,4,25),(585,4,15),(586,4,25),(587,4,15),(589,4,30),(590,4,40),(591,4,15),(592,4,50),(593,4,25),(594,4,50),(595,4,35),(596,4,55),(597,4,15),(598,4,60),(599,4,60),(600,4,30),(601,4,45),(602,4,60),(603,4,15),(604,4,100),(606,4,30),(607,4,70),(608,4,25),(609,4,30),(610,4,45),(611,4,90),(612,4,45),(614,4,25),(615,4,25),(616,4,25),(618,4,70),(619,4,75),(621,4,70),(622,4,100),(623,4,35),(625,4,55),(626,4,80),(628,4,50),(629,4,30),(631,4,30),(632,4,25),(633,4,15),(634,4,30),(635,4,35),(636,4,50),(637,4,100),(640,4,35),(641,4,70),(642,4,60),(643,4,65),(644,4,70),(646,4,45),(648,4,30),(650,4,20),(653,4,35),(654,4,100),(655,4,35),(656,4,50),(657,4,45),(658,4,55),(659,4,55),(660,4,85),(661,4,50),(662,4,10),(663,4,35),(664,4,85),(665,4,100),(666,4,100),(667,4,100),(668,4,60),(669,4,25),(670,4,50),(671,4,15),(672,4,25),(673,4,35),(674,4,20),(675,4,25),(676,4,30),(677,4,50),(678,4,45),(679,4,35),(680,4,35),(682,4,20),(683,4,100),(684,4,25),(685,4,85),(686,4,70),(687,4,30),(690,4,70),(691,4,35),(692,4,50),(693,4,55),(694,4,25),(696,4,60),(698,4,65),(700,4,85),(701,4,25),(702,4,50),(703,4,15),(704,4,35),(706,4,25),(709,4,75),(710,4,75),(711,4,95),(712,4,65),(713,4,50),(714,4,35),(715,4,65),(717,4,20),(719,4,55),(720,4,25),(721,4,15),(724,4,50),(725,4,75),(726,4,45),(727,4,10),(728,4,65),(730,4,80),(731,4,25),(732,4,50),(733,4,60),(734,4,70),(735,4,65),(736,4,35),(737,4,45),(738,4,25),(741,4,35),(742,4,50),(743,4,25),(744,4,55),(745,4,80),(747,4,15),(748,4,45),(749,4,55),(752,4,35),(753,4,30),(754,4,35),(756,4,100),(1,5,45),(2,5,20),(3,5,35),(4,5,55),(5,5,55),(6,5,85),(8,5,15),(9,5,35),(10,5,45),(11,5,15),(12,5,40),(13,5,100),(16,5,45),(17,5,40),(18,5,20),(19,5,45),(21,5,85),(22,5,35),(23,5,30),(24,5,60),(26,5,25),(27,5,30),(28,5,100),(29,5,50),(30,5,50),(31,5,25),(32,5,20),(34,5,55),(35,5,65),(36,5,35),(37,5,15),(38,5,45),(39,5,80),(40,5,50),(41,5,60),(42,5,25),(43,5,100),(45,5,35),(44,5,75),(46,5,15),(47,5,15),(48,5,60),(51,5,25),(53,5,25),(50,5,45),(52,5,45),(54,5,75),(55,5,25),(56,5,35),(58,5,55),(59,5,100),(60,5,50),(61,5,20),(62,5,95),(63,5,35),(64,5,25),(65,5,60),(66,5,25),(67,5,50),(68,5,35),(69,5,70),(70,5,30),(72,5,25),(73,5,30),(75,5,30),(74,5,35),(76,5,35),(79,5,40),(80,5,50),(81,5,65),(82,5,100),(83,5,35),(84,5,100),(85,5,60),(86,5,80),(87,5,15),(88,5,25),(89,5,35),(91,5,100),(92,5,35),(93,5,35),(96,5,70),(97,5,25),(98,5,100),(100,5,95),(101,5,100),(102,5,35),(103,5,35),(104,5,35),(105,5,100),(107,5,10),(108,5,55),(109,5,35),(110,5,50),(111,5,30),(113,5,80),(114,5,45),(115,5,35),(116,5,10),(117,5,40),(120,5,20),(121,5,60),(122,5,30),(123,5,25),(124,5,35),(125,5,50),(126,5,65),(127,5,80),(128,5,55),(129,5,60),(130,5,40),(132,5,80),(133,5,15),(135,5,45),(138,5,25),(139,5,65),(140,5,25),(141,5,50),(143,5,25),(144,5,45),(145,5,25),(146,5,25),(148,5,10),(149,5,25),(150,5,25),(151,5,25),(153,5,40),(154,5,85),(155,5,50),(156,5,20),(157,5,75),(158,5,85),(159,5,85),(162,5,30),(164,5,75),(165,5,95),(167,5,80),(169,5,35),(171,5,55),(172,5,70),(173,5,20),(175,5,20),(176,5,25),(177,5,45),(178,5,45),(179,5,90),(180,5,25),(183,5,35),(184,5,15),(185,5,45),(186,5,50),(187,5,20),(188,5,60),(191,5,35),(192,5,25),(193,5,45),(194,5,10),(195,5,40),(196,5,60),(197,5,15),(199,5,75),(200,5,45),(201,5,95),(202,5,25),(203,5,40),(204,5,35),(206,5,10),(208,5,35),(209,5,25),(210,5,85),(212,5,35),(213,5,50),(214,5,35),(215,5,95),(216,5,25),(217,5,35),(218,5,35),(220,5,25),(221,5,30),(222,5,35),(223,5,45),(224,5,60),(225,5,25),(226,5,15),(227,5,35),(228,5,20),(229,5,55),(230,5,25),(231,5,35),(232,5,15),(233,5,30),(234,5,50),(235,5,85),(236,5,70),(237,5,60),(238,5,85),(239,5,45),(240,5,25),(241,5,85),(242,5,35),(243,5,50),(244,5,30),(245,5,15),(246,5,35),(247,5,35),(248,5,25),(249,5,85),(252,5,20),(253,5,50),(254,5,35),(255,5,30),(257,5,50),(258,5,85),(259,5,75),(260,5,45),(262,5,25),(263,5,40),(264,5,75),(265,5,55),(266,5,60),(267,5,60),(268,5,70),(269,5,100),(271,5,100),(272,5,100),(273,5,100),(274,5,15),(275,5,50),(276,5,5),(277,5,35),(278,5,50),(280,5,25),(281,5,45),(282,5,65),(283,5,10),(284,5,100),(285,5,75),(287,5,95),(288,5,40),(290,5,25),(291,5,100),(292,5,25),(293,5,55),(294,5,50),(295,5,75),(298,5,35),(299,5,90),(300,5,35),(301,5,15),(302,5,35),(304,5,40),(306,5,85),(307,5,25),(308,5,55),(309,5,45),(310,5,45),(311,5,50),(312,5,35),(313,5,65),(316,5,20),(317,5,70),(318,5,35),(319,5,25),(321,5,35),(322,5,25),(323,5,10),(325,5,60),(326,5,85),(327,5,90),(328,5,85),(330,5,20),(331,5,50),(332,5,25),(334,5,60),(335,5,50),(336,5,95),(337,5,30),(338,5,60),(339,5,80),(340,5,15),(341,5,55),(342,5,65),(343,5,65),(344,5,25),(345,5,35),(347,5,25),(348,5,100),(349,5,55),(350,5,100),(351,5,20),(352,5,50),(353,5,20),(355,5,35),(356,5,60),(357,5,25),(358,5,75),(360,5,100),(361,5,70),(364,5,20),(365,5,35),(367,5,25),(368,5,25),(369,5,20),(370,5,35),(371,5,100),(375,5,45),(376,5,25),(377,5,10),(379,5,10),(381,5,35),(382,5,15),(383,5,30),(384,5,25),(385,5,40),(386,5,45),(387,5,20),(388,5,35),(389,5,50),(391,5,60),(392,5,70),(393,5,25),(394,5,25),(395,5,15),(396,5,25),(397,5,95),(398,5,100),(399,5,35),(400,5,15),(402,5,75),(403,5,50),(404,5,25),(405,5,35),(407,5,65),(408,5,25),(410,5,100),(412,5,35),(413,5,80),(414,5,45),(415,5,15),(416,5,15),(418,5,50),(419,5,25),(420,5,35),(421,5,25),(422,5,25),(423,5,35),(424,5,100),(425,5,30),(426,5,60),(427,5,55),(428,5,50),(429,5,30),(430,5,85),(431,5,30),(433,5,45),(434,5,85),(435,5,50),(436,5,60),(437,5,35),(438,5,30),(439,5,25),(440,5,70),(441,5,100),(442,5,50),(443,5,10),(444,5,35),(445,5,25),(446,5,35),(447,5,95),(448,5,50),(450,5,35),(451,5,85),(452,5,15),(453,5,15),(454,5,35),(455,5,15),(456,5,35),(457,5,15),(458,5,35),(459,5,80),(460,5,25),(461,5,70),(463,5,50),(464,5,15),(465,5,50),(466,5,30),(467,5,50),(469,5,25),(470,5,60),(471,5,20),(472,5,15),(473,5,20),(474,5,100),(475,5,50),(476,5,35),(477,5,40),(478,5,25),(479,5,85),(481,5,70),(482,5,35),(483,5,25),(484,5,100),(485,5,35),(486,5,25),(487,5,50),(488,5,35),(489,5,40),(490,5,15),(491,5,10),(492,5,35),(493,5,25),(494,5,25),(495,5,20),(496,5,25),(498,5,45),(499,5,50),(500,5,75),(502,5,15),(503,5,10),(504,5,25),(505,5,50),(506,5,35),(507,5,35),(508,5,10),(509,5,40),(510,5,85),(511,5,75),(513,5,70),(514,5,35),(515,5,50),(517,5,95),(518,5,100),(519,5,35),(520,5,25),(521,5,60),(523,5,35),(524,5,20),(525,5,25),(528,5,70),(529,5,15),(530,5,100),(531,5,35),(532,5,25),(533,5,25),(534,5,85),(535,5,25),(537,5,25),(538,5,25),(539,5,30),(540,5,45),(541,5,100),(542,5,40),(543,5,25),(544,5,15),(545,5,100),(546,5,25),(547,5,25),(548,5,25),(549,5,10),(550,5,15),(551,5,20),(552,5,50),(554,5,30),(555,5,100),(556,5,15),(557,5,35),(558,5,10),(560,5,50),(561,5,30),(562,5,95),(563,5,80),(565,5,25),(566,5,50),(567,5,25),(568,5,30),(569,5,15),(574,5,25),(575,5,45),(576,5,25),(577,5,15),(578,5,10),(580,5,30),(581,5,30),(582,5,30),(583,5,35),(584,5,25),(585,5,15),(586,5,25),(587,5,15),(589,5,30),(590,5,40),(591,5,15),(592,5,50),(593,5,25),(594,5,50),(595,5,35),(596,5,55),(597,5,15),(598,5,60),(599,5,60),(600,5,30),(601,5,45),(602,5,60),(603,5,15),(604,5,100),(606,5,30),(607,5,70),(608,5,25),(609,5,30),(610,5,45),(611,5,90),(612,5,45),(614,5,25),(615,5,25),(616,5,25),(618,5,70),(619,5,75),(621,5,70),(622,5,100),(623,5,35),(625,5,55),(626,5,80),(628,5,50),(629,5,30),(631,5,30),(632,5,25),(633,5,15),(634,5,30),(635,5,35),(636,5,50),(637,5,100),(640,5,35),(641,5,70),(642,5,60),(643,5,65),(644,5,70),(646,5,45),(648,5,30),(650,5,20),(653,5,35),(654,5,100),(655,5,35),(656,5,50),(657,5,45),(658,5,55),(659,5,55),(660,5,85),(661,5,50),(662,5,10),(663,5,35),(664,5,85),(665,5,100),(666,5,100),(667,5,100),(668,5,60),(669,5,25),(670,5,50),(671,5,15),(672,5,25),(673,5,35),(674,5,20),(675,5,25),(676,5,30),(677,5,50),(678,5,45),(679,5,35),(680,5,35),(682,5,20),(683,5,100),(684,5,25),(685,5,85),(686,5,70),(687,5,30),(690,5,70),(691,5,35),(692,5,50),(693,5,55),(694,5,25),(696,5,60),(698,5,65),(700,5,85),(701,5,25),(702,5,50),(703,5,15),(704,5,35),(706,5,25),(709,5,75),(710,5,75),(711,5,95),(712,5,65),(713,5,50),(714,5,35),(715,5,65),(717,5,20),(719,5,55),(720,5,25),(721,5,15),(724,5,50),(725,5,75),(726,5,45),(727,5,10),(728,5,65),(730,5,80),(731,5,25),(732,5,50),(733,5,60),(734,5,70),(735,5,65),(736,5,35),(737,5,45),(738,5,25),(741,5,35),(742,5,50),(743,5,25),(744,5,55),(745,5,80),(747,5,15),(748,5,45),(749,5,55),(752,5,35),(753,5,30),(754,5,35),(756,5,100),(1,6,45),(2,6,20),(3,6,35),(4,6,55),(5,6,55),(6,6,85),(8,6,15),(9,6,35),(10,6,45),(11,6,15),(12,6,40),(13,6,100),(16,6,45),(17,6,40),(18,6,20),(19,6,45),(21,6,85),(22,6,35),(23,6,30),(24,6,60),(26,6,25),(27,6,30),(28,6,100),(29,6,50),(30,6,50),(31,6,25),(32,6,20),(34,6,55),(35,6,65),(36,6,35),(37,6,15),(38,6,45),(39,6,80),(40,6,50),(41,6,60),(42,6,25),(43,6,100),(45,6,35),(44,6,75),(46,6,15),(47,6,15),(48,6,60),(51,6,25),(53,6,25),(50,6,45),(52,6,45),(54,6,75),(55,6,25),(56,6,35),(58,6,55),(59,6,100),(60,6,50),(61,6,20),(62,6,95),(63,6,35),(64,6,25),(65,6,60),(66,6,25),(67,6,50),(68,6,35),(69,6,70),(70,6,30),(72,6,25),(73,6,30),(75,6,30),(74,6,35),(76,6,35),(79,6,40),(80,6,50),(81,6,65),(82,6,100),(83,6,35),(84,6,100),(85,6,60),(86,6,80),(87,6,15),(88,6,25),(89,6,35),(91,6,100),(92,6,35),(93,6,35),(96,6,70),(97,6,25),(98,6,100),(100,6,95),(101,6,100),(102,6,35),(103,6,35),(104,6,35),(105,6,100),(107,6,10),(108,6,55),(109,6,35),(110,6,50),(111,6,30),(113,6,80),(114,6,45),(115,6,35),(116,6,10),(117,6,40),(120,6,20),(121,6,60),(122,6,30),(123,6,25),(124,6,35),(125,6,50),(126,6,65),(127,6,80),(128,6,55),(129,6,60),(130,6,40),(132,6,80),(133,6,15),(135,6,45),(138,6,25),(139,6,65),(140,6,25),(141,6,50),(143,6,25),(144,6,45),(145,6,25),(146,6,25),(148,6,10),(149,6,25),(150,6,25),(151,6,25),(153,6,40),(154,6,85),(155,6,50),(156,6,20),(157,6,75),(158,6,85),(159,6,85),(162,6,30),(164,6,75),(165,6,95),(167,6,80),(169,6,35),(171,6,55),(172,6,70),(173,6,20),(175,6,20),(176,6,25),(177,6,45),(178,6,45),(179,6,90),(180,6,25),(183,6,35),(184,6,15),(185,6,45),(186,6,50),(187,6,20),(188,6,60),(191,6,35),(192,6,25),(193,6,45),(194,6,10),(195,6,40),(196,6,60),(197,6,15),(199,6,75),(200,6,45),(201,6,95),(202,6,25),(203,6,40),(204,6,35),(206,6,10),(208,6,35),(209,6,25),(210,6,85),(212,6,35),(213,6,50),(214,6,35),(215,6,95),(216,6,25),(217,6,35),(218,6,35),(220,6,25),(221,6,30),(222,6,35),(223,6,45),(224,6,60),(225,6,25),(226,6,15),(227,6,35),(228,6,20),(229,6,55),(230,6,25),(231,6,35),(232,6,15),(233,6,30),(234,6,50),(235,6,85),(236,6,70),(237,6,60),(238,6,85),(239,6,45),(240,6,25),(241,6,85),(242,6,35),(243,6,50),(244,6,30),(245,6,15),(246,6,35),(247,6,35),(248,6,25),(249,6,85),(252,6,20),(253,6,50),(254,6,35),(255,6,30),(257,6,50),(258,6,85),(259,6,75),(260,6,45),(262,6,25),(263,6,40),(264,6,75),(265,6,55),(266,6,60),(267,6,60),(268,6,70),(269,6,100),(271,6,100),(272,6,100),(273,6,100),(274,6,15),(275,6,50),(276,6,5),(277,6,35),(278,6,50),(280,6,25),(281,6,45),(282,6,65),(283,6,10),(284,6,100),(285,6,75),(287,6,95),(288,6,40),(290,6,25),(291,6,100),(292,6,25),(293,6,55),(294,6,50),(295,6,75),(298,6,35),(299,6,90),(300,6,35),(301,6,15),(302,6,35),(304,6,40),(306,6,85),(307,6,25),(308,6,55),(309,6,45),(310,6,45),(311,6,50),(312,6,35),(313,6,65),(316,6,20),(317,6,70),(318,6,35),(319,6,25),(321,6,35),(322,6,25),(323,6,10),(325,6,60),(326,6,85),(327,6,90),(328,6,85),(330,6,20),(331,6,50),(332,6,25),(334,6,60),(335,6,50),(336,6,95),(337,6,30),(338,6,60),(339,6,80),(340,6,15),(341,6,55),(342,6,65),(343,6,65),(344,6,25),(345,6,35),(347,6,25),(348,6,100),(349,6,55),(350,6,100),(351,6,20),(352,6,50),(353,6,20),(355,6,35),(356,6,60),(357,6,25),(358,6,75),(360,6,100),(361,6,70),(364,6,20),(365,6,35),(367,6,25),(368,6,25),(369,6,20),(370,6,35),(371,6,100),(375,6,45),(376,6,25),(377,6,10),(379,6,10),(381,6,35),(382,6,15),(383,6,30),(384,6,25),(385,6,40),(386,6,45),(387,6,20),(388,6,35),(389,6,50),(391,6,60),(392,6,70),(393,6,25),(394,6,25),(395,6,15),(396,6,25),(397,6,95),(398,6,100),(399,6,35),(400,6,15),(402,6,75),(403,6,50),(404,6,25),(405,6,35),(407,6,65),(408,6,25),(410,6,100),(412,6,35),(413,6,80),(414,6,45),(415,6,15),(416,6,15),(418,6,50),(419,6,25),(420,6,35),(421,6,25),(422,6,25),(423,6,35),(424,6,100),(425,6,30),(426,6,60),(427,6,55),(428,6,50),(429,6,30),(430,6,85),(431,6,30),(433,6,45),(434,6,85),(435,6,50),(436,6,60),(437,6,35),(438,6,30),(439,6,25),(440,6,70),(441,6,100),(442,6,50),(443,6,10),(444,6,35),(445,6,25),(446,6,35),(447,6,95),(448,6,50),(450,6,35),(451,6,85),(452,6,15),(453,6,15),(454,6,35),(455,6,15),(456,6,35),(457,6,15),(458,6,35),(459,6,80),(460,6,25),(461,6,70),(463,6,50),(464,6,15),(465,6,50),(466,6,30),(467,6,50),(469,6,25),(470,6,60),(471,6,20),(472,6,15),(473,6,20),(474,6,100),(475,6,50),(476,6,35),(477,6,40),(478,6,25),(479,6,85),(481,6,70),(482,6,35),(483,6,25),(484,6,100),(485,6,35),(486,6,25),(487,6,50),(488,6,35),(489,6,40),(490,6,15),(491,6,10),(492,6,35),(493,6,25),(494,6,25),(495,6,20),(496,6,25),(498,6,45),(499,6,50),(500,6,75),(502,6,15),(503,6,10),(504,6,25),(505,6,50),(506,6,35),(507,6,35),(508,6,10),(509,6,40),(510,6,85),(511,6,75),(513,6,70),(514,6,35),(515,6,50),(517,6,95),(518,6,100),(519,6,35),(520,6,25),(521,6,60),(523,6,35),(524,6,20),(525,6,25),(528,6,70),(529,6,15),(530,6,100),(531,6,35),(532,6,25),(533,6,25),(534,6,85),(535,6,25),(537,6,25),(538,6,25),(539,6,30),(540,6,45),(541,6,100),(542,6,40),(543,6,25),(544,6,15),(545,6,100),(546,6,25),(547,6,25),(548,6,25),(549,6,10),(550,6,15),(551,6,20),(552,6,50),(554,6,30),(555,6,100),(556,6,15),(557,6,35),(558,6,10),(560,6,50),(561,6,30),(562,6,95),(563,6,80),(565,6,25),(566,6,50),(567,6,25),(568,6,30),(569,6,15),(574,6,25),(575,6,45),(576,6,25),(577,6,15),(578,6,10),(580,6,30),(581,6,30),(582,6,30),(583,6,35),(584,6,25),(585,6,15),(586,6,25),(587,6,15),(589,6,30),(590,6,40),(591,6,15),(592,6,50),(593,6,25),(594,6,50),(595,6,35),(596,6,55),(597,6,15),(598,6,60),(599,6,60),(600,6,30),(601,6,45),(602,6,60),(603,6,15),(604,6,100),(606,6,30),(607,6,70),(608,6,25),(609,6,30),(610,6,45),(611,6,90),(612,6,45),(614,6,25),(615,6,25),(616,6,25),(618,6,70),(619,6,75),(621,6,70),(622,6,100),(623,6,35),(625,6,55),(626,6,80),(628,6,50),(629,6,30),(631,6,30),(632,6,25),(633,6,15),(634,6,30),(635,6,35),(636,6,50),(637,6,100),(640,6,35),(641,6,70),(642,6,60),(643,6,65),(644,6,70),(646,6,45),(648,6,30),(650,6,20),(653,6,35),(654,6,100),(655,6,35),(656,6,50),(657,6,45),(658,6,55),(659,6,55),(660,6,85),(661,6,50),(662,6,10),(663,6,35),(664,6,85),(665,6,100),(666,6,100),(667,6,100),(668,6,60),(669,6,25),(670,6,50),(671,6,15),(672,6,25),(673,6,35),(674,6,20),(675,6,25),(676,6,30),(677,6,50),(678,6,45),(679,6,35),(680,6,35),(682,6,20),(683,6,100),(684,6,25),(685,6,85),(686,6,70),(687,6,30),(690,6,70),(691,6,35),(692,6,50),(693,6,55),(694,6,25),(696,6,60),(698,6,65),(700,6,85),(701,6,25),(702,6,50),(703,6,15),(704,6,35),(706,6,25),(709,6,75),(710,6,75),(711,6,95),(712,6,65),(713,6,50),(714,6,35),(715,6,65),(717,6,20),(719,6,55),(720,6,25),(721,6,15),(724,6,50),(725,6,75),(726,6,45),(727,6,10),(728,6,65),(730,6,80),(731,6,25),(732,6,50),(733,6,60),(734,6,70),(735,6,65),(736,6,35),(737,6,45),(738,6,25),(741,6,35),(742,6,50),(743,6,25),(744,6,55),(745,6,80),(747,6,15),(748,6,45),(749,6,55),(752,6,35),(753,6,30),(754,6,35),(756,6,100);


CREATE TABLE hero_power (
  hero_id INT DEFAULT NULL,
  power_id INT DEFAULT NULL,
  CONSTRAINT fk_hpo_hero FOREIGN KEY (hero_id) REFERENCES superhero (id),
  CONSTRAINT fk_hpo_po FOREIGN KEY (power_id) REFERENCES superpower (id)
);

INSERT INTO hero_power VALUES (1,1),(1,18),(1,26),(1,31),(2,2),(2,6),(2,16),(2,18),(2,26),(2,51),(2,64),(3,1),(3,2),(3,5),(3,6),(3,11),(3,12),(3,13),(3,16),(3,17),(3,18),(3,20),(3,26),(3,50),(3,60),(3,88),(3,136),(4,3),(5,2),(5,17),(5,18),(5,26),(5,31),(5,61),(5,76),(5,142),(6,4),(6,9),(6,17),(6,18),(6,24),(6,31),(6,38),(6,42),(6,46),(6,50),(6,61),(6,89),(6,103),(6,115),(7,5),(7,6),(7,8),(7,18),(7,61),(7,72),(7,79),(7,86),(7,89),(7,104),(8,2),(8,50),(8,97),(9,6),(9,7),(9,9),(9,12),(9,13),(9,17),(9,31),(9,79),(9,88),(9,93),(11,7),(12,8),(12,16),(12,18),(12,22),(12,41),(12,93),(13,9),(13,18),(13,31),(13,64),(13,89),(13,115),(14,1),(14,18),(14,31),(14,90),(14,93),(15,9),(15,10),(15,17),(15,20),(15,22),(15,31),(15,38),(15,41),(15,53),(15,63),(15,84),(15,103),(15,135),(16,1),(16,2),(16,7),(16,8),(16,10),(16,12),(16,13),(16,16),(16,18),(16,22),(16,26),(16,31),(16,39),(16,44),(16,48),(16,50),(16,61),(16,70),(16,71),(16,81),(16,86),(16,91),(16,92),(16,105),(16,143),(17,11),(19,1),(19,5),(19,6),(19,7),(19,18),(19,31),(19,39),(19,44),(19,71),(19,86),(19,104),(19,105),(19,143),(20,12),(21,1),(21,3),(21,6),(21,9),(21,11),(21,12),(21,14),(21,16),(21,17),(21,18),(21,19),(21,20),(21,22),(21,23),(21,24),(21,26),(21,31),(21,34),(21,38),(21,39),(21,44),(21,48),(21,51),(21,53),(21,56),(21,59),(21,60),(21,61),(21,62),(21,63),(21,80),(21,81),(21,106),(21,107),(21,117),(21,119),(21,127),(21,135),(21,139),(21,142),(21,144),(22,13),(23,14),(24,1),(24,2),(24,6),(24,7),(24,9),(24,16),(24,18),(24,26),(24,31),(24,39),(24,42),(24,50),(24,59),(24,69),(24,81),(24,92),(24,119),(24,120),(25,1),(25,2),(25,6),(25,7),(25,9),(25,16),(25,18),(25,26),(25,31),(25,39),(25,42),(25,50),(25,59),(25,69),(25,81),(25,92),(25,119),(25,120),(26,1),(26,18),(26,26),(26,31),(27,9),(27,15),(27,33),(27,97),(27,101),(28,16),(29,15),(29,20),(29,22),(29,33),(29,66),(30,1),(30,6),(30,9),(30,18),(30,26),(30,31),(30,60),(31,17),(31,24),(32,1),(32,7),(32,17),(32,18),(32,20),(32,24),(32,26),(32,33),(32,85),(33,2),(33,4),(33,6),(33,8),(33,9),(33,14),(33,17),(33,18),(33,20),(33,22),(33,24),(33,36),(33,38),(33,41),(33,50),(33,61),(33,62),(33,89),(33,93),(33,106),(33,132),(34,6),(34,18),(34,22),(34,26),(34,38),(34,103),(35,2),(35,6),(35,10),(35,18),(35,26),(35,39),(35,48),(35,51),(35,60),(35,70),(35,120),(35,143),(36,1),(36,2),(36,8),(36,9),(36,14),(36,16),(36,18),(36,20),(36,22),(36,24),(36,26),(36,31),(36,38),(36,40),(36,48),(36,50),(36,60),(36,61),(36,63),(36,86),(36,89),(36,100),(36,116),(37,11),(37,18),(37,117),(38,6),(38,11),(38,18),(38,19),(38,20),(38,26),(38,31),(38,41),(38,42),(38,81),(38,90),(38,117),(38,144),(39,1),(39,2),(39,5),(39,6),(39,7),(39,11),(39,16),(39,17),(39,18),(39,20),(39,26),(39,31),(39,39),(39,60),(39,61),(39,81),(39,85),(39,88),(39,104),(39,107),(39,117),(39,130),(39,136),(39,144),(40,1),(40,2),(40,6),(40,18),(40,26),(40,31),(40,60),(40,69),(40,120),(40,133),(40,143),(41,1),(41,2),(41,6),(41,9),(41,18),(41,26),(41,92),(41,119),(42,6),(42,18),(42,26),(42,75),(43,1),(43,2),(43,5),(43,6),(43,9),(43,18),(43,22),(43,31),(43,39),(43,60),(43,61),(43,64),(43,66),(43,89),(43,103),(43,104),(43,115),(44,1),(44,2),(44,6),(44,18),(44,26),(44,31),(44,50),(44,60),(45,1),(45,2),(45,6),(45,18),(45,26),(45,31),(45,50),(45,60),(46,20),(46,38),(47,18),(47,21),(47,69),(49,9),(49,18),(49,22),(49,31),(49,34),(49,81),(49,119),(49,125),(50,6),(50,7),(50,17),(50,18),(50,24),(50,26),(50,31),(50,50),(50,60),(50,61),(50,64),(51,6),(51,7),(51,17),(51,18),(51,24),(51,26),(51,31),(51,50),(51,60),(51,61),(51,64),(52,6),(52,7),(52,17),(52,18),(52,24),(52,26),(52,31),(52,50),(52,60),(52,61),(52,64),(53,6),(53,7),(53,17),(53,18),(53,24),(53,26),(53,31),(53,50),(53,60),(53,61),(53,64),(54,16),(54,18),(54,23),(54,26),(54,31),(54,118),(55,24),(56,9),(56,18),(56,24),(56,25),(56,92),(57,24),(58,17),(59,2),(59,6),(59,9),(59,22),(59,31),(59,60),(59,89),(59,98),(59,111),(59,124),(60,2),(60,16),(60,38),(60,46),(60,48),(60,97),(61,13),(61,18),(61,26),(61,31),(61,34),(62,9),(62,18),(62,20),(62,26),(62,27),(62,31),(62,38),(62,42),(62,61),(62,77),(62,87),(62,108),(62,135),(63,9),(63,18),(63,31),(63,61),(64,6),(64,18),(64,26),(64,31),(64,59),(64,60),(65,9),(65,28),(65,63),(65,81),(65,130),(65,131),(66,6),(66,18),(66,26),(67,7),(67,12),(67,13),(67,17),(67,26),(67,34),(67,60),(70,1),(70,7),(70,13),(70,49),(70,120),(72,1),(72,12),(72,26),(72,34),(73,1),(73,6),(73,7),(73,11),(73,12),(73,13),(73,17),(73,18),(73,26),(73,31),(73,34),(73,49),(73,60),(73,92),(73,93),(73,144),(73,145),(74,1),(74,7),(74,12),(74,13),(74,17),(74,26),(74,34),(74,49),(76,1),(76,6),(76,18),(76,26),(76,31),(76,60),(77,7),(77,12),(77,13),(77,17),(77,26),(77,29),(78,9),(78,92),(78,119),(79,1),(79,2),(79,15),(79,17),(79,18),(79,26),(79,29),(79,31),(79,39),(79,44),(79,60),(79,105),(79,143),(79,144),(80,1),(80,6),(80,9),(80,15),(80,18),(80,24),(80,31),(80,33),(80,48),(80,66),(80,86),(80,105),(80,136),(80,143),(82,30),(82,48),(83,2),(83,18),(83,26),(83,31),(83,50),(83,61),(83,120),(84,2),(84,4),(84,8),(84,9),(84,18),(84,20),(84,22),(84,24),(84,31),(84,38),(84,40),(84,48),(84,50),(84,61),(84,63),(84,69),(84,103),(84,112),(86,1),(86,6),(86,9),(86,16),(86,18),(86,26),(86,50),(86,60),(86,61),(86,120),(87,26),(88,12),(89,18),(89,31),(89,120),(90,32),(91,6),(91,8),(91,9),(91,18),(91,22),(91,31),(92,1),(92,6),(92,18),(92,26),(92,31),(92,44),(92,81),(93,9),(93,15),(93,105),(94,9),(94,18),(94,33),(94,105),(95,9),(95,93),(96,1),(96,8),(96,9),(96,16),(96,17),(96,18),(96,22),(96,26),(96,50),(96,63),(97,2),(97,8),(97,18),(97,22),(97,26),(97,61),(97,106),(97,122),(98,1),(98,2),(98,6),(98,8),(98,9),(98,12),(98,16),(98,18),(98,19),(98,26),(98,31),(98,39),(98,44),(98,61),(98,64),(98,81),(98,84),(98,88),(98,119),(98,139),(98,142),(99,20),(99,22),(99,40),(99,78),(99,94),(100,2),(100,9),(100,16),(100,17),(100,18),(100,22),(100,26),(100,31),(100,40),(100,42),(100,45),(100,61),(100,64),(100,81),(101,1),(101,6),(101,8),(101,9),(101,16),(101,18),(101,20),(101,22),(101,26),(101,31),(101,60),(101,89),(101,131),(102,1),(102,7),(102,12),(102,13),(102,17),(102,26),(102,28),(102,60),(102,131),(104,1),(104,18),(104,26),(104,31),(104,60),(104,95),(104,145),(105,1),(105,7),(105,9),(105,18),(105,26),(105,31),(105,37),(105,39),(105,46),(105,50),(105,87),(105,105),(105,132),(107,34),(108,8),(108,9),(108,22),(108,35),(108,49),(108,63),(108,103),(109,36),(109,84),(109,108),(110,1),(110,5),(110,6),(110,7),(110,11),(110,12),(110,13),(110,18),(110,22),(110,26),(110,31),(110,44),(110,49),(110,51),(110,93),(110,119),(110,136),(110,145),(111,1),(111,7),(111,12),(111,13),(111,26),(111,39),(111,49),(111,59),(111,60),(111,81),(111,107),(111,119),(111,144),(112,1),(112,7),(112,12),(112,13),(112,16),(112,17),(112,26),(112,49),(112,60),(114,1),(114,2),(114,6),(114,18),(114,26),(114,31),(114,51),(114,60),(114,119),(114,144),(115,9),(115,20),(116,6),(116,18),(116,22),(116,37),(117,1),(117,2),(117,13),(117,18),(117,26),(117,31),(117,39),(117,81),(117,107),(117,119),(117,144),(119,6),(119,86),(119,105),(120,38),(121,19),(121,34),(122,19),(123,6),(123,18),(123,96),(124,1),(124,6),(124,18),(124,19),(124,22),(124,26),(124,31),(124,34),(124,38),(124,56),(124,60),(124,61),(124,127),(125,9),(125,39),(125,48),(125,97),(125,105),(125,118),(125,120),(126,8),(126,13),(126,18),(126,22),(126,34),(126,38),(126,40),(126,42),(126,61),(127,9),(127,18),(127,22),(128,17),(129,1),(129,2),(129,5),(129,9),(129,18),(129,22),(129,63),(129,73),(129,93),(129,103),(129,104),(130,1),(130,7),(130,9),(130,12),(130,13),(130,17),(130,26),(130,81),(130,88),(130,93),(132,2),(132,22),(133,1),(133,8),(133,22),(133,41),(133,69),(133,103),(135,1),(135,6),(135,9),(135,13),(135,16),(135,17),(135,18),(135,22),(135,39),(135,61),(135,63),(135,77),(135,81),(135,93),(135,106),(135,132),(135,145),(138,40),(139,6),(139,9),(139,16),(139,17),(139,18),(139,20),(139,31),(139,40),(139,63),(139,64),(139,125),(140,17),(140,41),(140,63),(141,42),(143,1),(143,7),(143,18),(143,26),(143,101),(143,143),(144,1),(144,2),(144,6),(144,7),(144,10),(144,18),(144,26),(144,31),(144,59),(144,60),(144,69),(144,119),(145,6),(145,12),(145,13),(146,7),(146,9),(146,17),(146,18),(146,22),(146,24),(146,26),(146,35),(146,88),(146,93),(147,9),(147,20),(148,1),(148,13),(149,1),(149,2),(149,6),(149,7),(149,9),(149,12),(149,13),(149,17),(149,18),(149,20),(149,22),(149,26),(149,29),(149,31),(149,38),(149,40),(149,54),(149,63),(149,69),(149,73),(149,77),(149,78),(149,89),(149,94),(149,106),(149,108),(149,113),(149,123),(149,128),(150,1),(150,2),(150,18),(150,39),(150,60),(150,143),(150,144),(151,12),(151,43),(151,121),(152,8),(152,9),(152,21),(152,31),(152,50),(153,1),(153,6),(153,7),(153,12),(153,13),(153,16),(153,26),(153,34),(153,49),(153,60),(154,1),(154,2),(154,8),(154,9),(154,13),(154,18),(154,22),(154,31),(154,39),(154,50),(154,53),(154,61),(154,63),(154,64),(154,68),(154,73),(154,86),(154,88),(154,89),(154,90),(154,103),(154,106),(154,118),(154,122),(154,132),(154,135),(154,137),(155,1),(155,6),(155,7),(155,9),(155,18),(155,26),(155,31),(155,39),(155,60),(155,63),(156,19),(156,34),(157,18),(157,31),(157,44),(158,9),(158,31),(158,39),(160,1),(160,2),(160,5),(160,6),(160,8),(160,9),(160,10),(160,12),(160,16),(160,17),(160,18),(160,22),(160,26),(160,31),(160,38),(160,42),(160,45),(160,50),(160,59),(160,60),(160,61),(160,62),(160,64),(160,77),(160,81),(160,84),(160,100),(160,103),(160,104),(160,120),(160,125),(160,134),(160,142),(161,1),(161,2),(161,5),(161,6),(161,8),(161,9),(161,10),(161,12),(161,16),(161,17),(161,18),(161,22),(161,26),(161,31),(161,38),(161,42),(161,45),(161,50),(161,59),(161,60),(161,61),(161,62),(161,64),(161,77),(161,81),(161,84),(161,100),(161,103),(161,104),(161,120),(161,125),(161,134),(161,142),(162,17),(162,18),(162,45),(162,61),(162,84),(162,125),(163,7),(163,9),(163,12),(163,17),(164,9),(164,18),(164,19),(164,20),(164,22),(164,26),(164,31),(164,35),(164,39),(164,40),(164,48),(164,50),(164,52),(164,56),(164,61),(164,66),(164,72),(164,81),(164,88),(164,89),(164,107),(164,117),(164,129),(164,136),(164,142),(165,5),(165,9),(165,14),(165,22),(165,39),(165,89),(165,103),(165,104),(166,1),(166,2),(166,6),(166,10),(166,18),(166,26),(166,31),(166,34),(166,44),(166,48),(166,51),(166,60),(166,105),(166,143),(167,1),(167,18),(167,26),(167,39),(167,44),(169,1),(169,7),(169,12),(169,15),(169,26),(169,29),(169,49),(169,66),(171,38),(171,46),(171,97),(172,47),(173,20),(173,41),(173,69),(173,94),(174,48),(175,48),(176,20),(176,40),(176,48),(177,1),(177,7),(177,26),(177,33),(177,60),(178,1),(178,18),(178,26),(178,31),(178,33),(178,60),(179,1),(179,6),(179,7),(179,15),(179,17),(179,18),(179,26),(179,31),(179,33),(179,39),(179,44),(179,48),(179,60),(179,81),(179,85),(179,88),(179,107),(179,144),(181,1),(181,18),(181,22),(181,26),(181,38),(181,41),(181,56),(181,60),(181,95),(181,104),(181,123),(182,49),(183,1),(183,6),(183,18),(183,31),(183,44),(183,60),(183,86),(184,2),(184,97),(186,4),(186,36),(186,38),(186,63),(186,87),(188,50),(188,61),(191,5),(191,6),(191,18),(191,26),(191,31),(191,61),(191,64),(191,86),(191,104),(192,7),(192,13),(192,48),(192,51),(192,80),(194,18),(195,9),(195,16),(195,63),(195,96),(196,6),(196,9),(196,18),(196,22),(197,18),(197,26),(197,31),(197,52),(197,56),(197,60),(197,117),(197,141),(198,17),(198,22),(198,42),(199,15),(199,18),(199,26),(199,29),(199,31),(199,39),(199,73),(200,6),(200,9),(200,18),(200,26),(200,31),(200,34),(200,39),(200,73),(200,81),(200,86),(200,93),(201,6),(201,8),(201,9),(201,18),(201,26),(201,31),(201,50),(201,61),(201,62),(201,73),(201,81),(201,89),(201,103),(201,119),(201,139),(201,144),(202,1),(202,8),(202,12),(202,17),(202,22),(202,41),(202,122),(204,22),(204,98),(204,105),(206,20),(207,1),(207,7),(207,12),(207,13),(207,17),(207,20),(207,26),(207,39),(207,60),(207,81),(207,99),(207,107),(207,133),(208,6),(208,9),(208,22),(208,34),(208,63),(208,93),(208,119),(208,145),(209,6),(209,17),(209,18),(210,1),(210,2),(210,4),(210,9),(210,12),(210,17),(210,18),(210,20),(210,22),(210,24),(210,26),(210,31),(210,38),(210,40),(210,41),(210,46),(210,50),(210,54),(210,60),(210,61),(210,63),(210,69),(210,78),(210,89),(210,100),(210,103),(210,120),(212,9),(212,22),(212,38),(212,62),(212,103),(213,1),(213,6),(213,7),(213,10),(213,12),(213,13),(213,18),(213,20),(213,26),(213,35),(213,36),(213,40),(213,108),(214,1),(214,2),(214,6),(214,7),(214,10),(214,12),(214,13),(214,17),(214,20),(214,22),(214,31),(214,35),(214,39),(214,40),(214,44),(214,54),(214,60),(214,63),(214,69),(214,77),(214,81),(214,84),(214,98),(214,108),(214,113),(215,1),(215,26),(215,31),(215,60),(216,1),(216,5),(216,6),(216,16),(216,17),(216,18),(216,31),(216,39),(216,59),(216,60),(216,73),(216,81),(216,88),(216,104),(216,107),(216,125),(217,1),(217,8),(217,12),(217,22),(217,26),(217,28),(217,41),(217,62),(217,63),(217,90),(217,98),(217,100),(217,103),(217,108),(218,1),(218,3),(218,9),(218,26),(218,32),(218,38),(218,42),(218,50),(218,53),(218,87),(218,100),(218,135),(219,1),(219,2),(219,4),(219,7),(219,12),(219,13),(219,16),(219,26),(219,34),(219,38),(219,50),(219,60),(219,97),(219,120),(219,123),(219,128),(220,7),(220,12),(220,13),(220,26),(221,1),(221,6),(221,17),(221,18),(221,26),(221,31),(221,59),(221,60),(221,119),(221,139),(221,145),(222,1),(222,2),(222,6),(222,13),(222,16),(222,18),(222,31),(222,34),(222,39),(222,60),(222,120),(223,1),(223,18),(223,20),(223,26),(223,31),(223,42),(223,60),(223,105),(224,18),(224,22),(224,24),(224,89),(224,100),(225,12),(225,13),(226,53),(227,6),(227,18),(227,26),(228,6),(228,9),(228,18),(228,22),(228,26),(228,27),(228,31),(228,34),(228,35),(228,38),(228,42),(228,46),(228,58),(228,63),(228,106),(229,9),(229,18),(229,22),(229,63),(229,69),(230,2),(230,4),(230,9),(230,16),(230,18),(230,20),(230,22),(230,31),(230,38),(230,40),(230,46),(230,53),(230,54),(230,62),(230,78),(230,89),(230,108),(230,122),(230,127),(230,132),(230,135),(231,1),(231,12),(231,17),(231,18),(231,26),(231,31),(231,34),(231,73),(231,93),(231,143),(232,4),(232,9),(232,16),(232,20),(232,22),(232,38),(232,40),(232,42),(232,46),(232,53),(232,54),(232,58),(232,63),(232,84),(232,87),(232,102),(232,106),(232,108),(232,132),(232,135),(233,1),(233,12),(233,60),(233,95),(234,1),(234,2),(234,7),(234,12),(234,13),(234,26),(234,44),(234,86),(234,136),(235,9),(235,18),(235,31),(236,1),(236,2),(236,5),(236,6),(236,8),(236,18),(236,26),(236,31),(236,44),(236,60),(236,61),(236,64),(236,80),(236,86),(236,91),(236,97),(236,104),(236,105),(236,122),(237,1),(237,2),(237,18),(237,26),(237,31),(237,48),(237,60),(237,105),(237,143),(238,14),(238,18),(238,20),(238,24),(238,26),(238,31),(238,36),(238,38),(238,42),(238,46),(238,48),(238,50),(238,89),(239,2),(239,6),(239,8),(239,9),(239,16),(239,17),(239,18),(239,22),(239,23),(239,24),(239,25),(239,31),(239,38),(239,40),(239,50),(239,53),(239,61),(239,62),(239,63),(239,64),(239,77),(239,87),(239,89),(239,103),(239,106),(239,125),(239,132),(240,1),(240,2),(240,5),(240,6),(240,13),(240,18),(240,26),(240,39),(240,64),(240,104),(240,107),(241,8),(241,18),(241,31),(242,1),(242,6),(242,18),(242,24),(242,48),(242,61),(242,70),(243,31),(243,35),(243,55),(244,1),(244,7),(244,10),(244,12),(244,13),(244,17),(244,20),(244,49),(244,84),(244,123),(245,35),(246,1),(246,6),(246,24),(246,48),(246,70),(247,6),(247,18),(247,20),(247,25),(247,26),(247,32),(247,51),(247,54),(247,69),(247,78),(247,86),(247,108),(247,123),(247,128),(248,2),(248,6),(248,9),(248,18),(248,38),(248,39),(248,42),(248,52),(248,53),(248,56),(248,60),(248,62),(248,87),(248,108),(249,9),(249,35),(249,103),(251,1),(251,6),(251,7),(251,12),(251,13),(251,17),(251,26),(251,60),(252,2),(252,6),(252,18),(252,22),(252,39),(252,42),(252,44),(252,50),(252,77),(252,105),(253,1),(253,2),(253,4),(253,7),(253,12),(253,13),(253,16),(253,26),(253,34),(253,38),(253,50),(253,60),(253,97),(253,120),(253,123),(253,128),(254,2),(254,6),(254,9),(254,18),(254,22),(254,34),(254,63),(254,93),(254,119),(254,145),(255,2),(255,9),(255,20),(255,22),(255,38),(255,40),(255,54),(255,69),(255,94),(255,97),(255,108),(256,14),(257,9),(257,20),(257,33),(257,92),(258,2),(258,6),(258,8),(258,9),(258,18),(258,20),(258,22),(258,24),(258,31),(258,36),(258,39),(258,53),(258,61),(258,64),(258,96),(258,103),(258,106),(258,108),(259,2),(259,6),(259,8),(259,9),(259,16),(259,17),(259,18),(259,26),(259,31),(259,39),(259,44),(259,61),(259,81),(259,84),(259,119),(259,139),(259,142),(260,1),(260,2),(260,18),(260,31),(260,33),(260,39),(260,44),(260,60),(260,105),(261,9),(261,18),(261,61),(262,2),(262,6),(262,9),(262,16),(262,18),(262,20),(262,26),(262,32),(262,48),(262,71),(263,9),(263,22),(263,50),(263,56),(263,79),(263,103),(263,104),(264,6),(264,9),(264,22),(264,56),(264,103),(264,104),(265,9),(265,22),(265,39),(265,90),(265,103),(265,122),(266,6),(266,8),(266,9),(266,18),(266,22),(266,25),(266,48),(266,53),(266,56),(266,59),(266,62),(266,64),(266,69),(266,89),(266,90),(266,97),(266,103),(266,104),(266,119),(266,139),(269,2),(269,8),(269,9),(269,16),(269,26),(269,31),(269,39),(269,53),(269,60),(269,62),(269,64),(270,12),(271,1),(271,2),(271,8),(271,9),(271,16),(271,22),(271,26),(271,31),(271,39),(271,53),(271,60),(271,62),(271,64),(271,106),(272,2),(272,9),(272,16),(272,18),(272,26),(272,31),(272,39),(272,46),(272,53),(272,60),(272,62),(272,64),(272,80),(272,106),(273,2),(273,31),(273,46),(273,59),(273,60),(273,62),(273,106),(274,17),(274,42),(275,1),(275,4),(275,6),(275,9),(275,16),(275,17),(275,18),(275,20),(275,22),(275,23),(275,26),(275,31),(275,38),(275,40),(275,50),(275,54),(275,61),(275,63),(275,76),(275,77),(275,89),(275,103),(275,106),(275,108),(275,112),(275,123),(275,132),(277,5),(277,18),(277,26),(277,61),(277,104),(278,18),(278,42),(279,2),(279,4),(279,6),(279,8),(279,9),(279,12),(279,16),(279,17),(279,18),(279,20),(279,22),(279,24),(279,26),(279,31),(279,38),(279,40),(279,41),(279,46),(279,50),(279,61),(279,63),(279,69),(279,89),(279,97),(279,100),(279,103),(279,115),(279,120),(279,126),(280,1),(280,40),(280,69),(280,103),(280,123),(281,1),(281,2),(281,6),(281,7),(281,12),(281,13),(281,17),(281,18),(281,26),(281,31),(281,39),(281,60),(281,123),(282,2),(283,17),(283,39),(284,2),(284,6),(284,8),(284,9),(284,16),(284,17),(284,18),(284,26),(284,31),(284,39),(284,44),(284,61),(284,81),(284,84),(284,119),(284,139),(284,142),(285,57),(285,69),(286,1),(286,2),(286,6),(286,12),(286,16),(286,18),(286,22),(286,26),(286,31),(286,34),(286,42),(286,48),(286,56),(286,61),(286,69),(286,79),(286,90),(286,104),(286,134),(287,6),(287,18),(287,56),(287,79),(287,104),(290,6),(290,17),(290,18),(290,24),(291,1),(291,2),(291,9),(291,16),(291,18),(291,26),(291,31),(291,60),(291,61),(291,81),(291,107),(291,123),(291,139),(291,142),(292,20),(292,40),(292,58),(293,1),(293,6),(293,8),(293,10),(293,16),(293,18),(293,22),(293,26),(293,41),(293,50),(293,61),(293,81),(293,86),(293,88),(293,104),(293,105),(293,107),(293,136),(294,1),(294,18),(294,105),(295,1),(295,2),(295,9),(295,10),(295,12),(295,13),(295,16),(295,18),(295,20),(295,22),(295,23),(295,26),(295,31),(295,35),(295,38),(295,44),(295,48),(295,50),(295,61),(295,62),(295,63),(295,100),(295,103),(295,107),(297,18),(297,24),(298,1),(298,6),(298,15),(298,17),(298,18),(298,20),(298,22),(298,40),(298,78),(298,81),(298,85),(298,89),(298,105),(299,6),(299,18),(300,9),(300,22),(300,63),(300,89),(300,96),(301,13),(302,1),(302,7),(302,12),(302,13),(302,26),(302,49),(303,1),(303,2),(303,6),(303,12),(303,17),(303,18),(303,26),(303,31),(303,60),(303,83),(304,2),(304,6),(304,17),(304,18),(304,26),(304,31),(304,60),(304,83),(305,6),(305,18),(306,6),(306,18),(312,6),(312,16),(312,17),(312,18),(312,23),(312,24),(312,26),(312,61),(312,79),(312,97),(312,129),(314,3),(314,6),(314,9),(314,12),(314,18),(314,22),(314,26),(314,31),(314,41),(314,60),(314,62),(314,63),(315,1),(315,3),(315,9),(315,12),(315,13),(315,18),(315,21),(315,22),(315,26),(315,31),(315,34),(315,41),(315,60),(315,62),(315,63),(316,1),(316,7),(316,12),(316,13),(316,26),(317,1),(317,2),(317,6),(317,9),(317,18),(317,26),(317,31),(317,50),(317,60),(317,61),(317,120),(318,1),(318,2),(318,7),(318,12),(318,17),(318,18),(318,26),(318,49),(318,60),(318,120),(319,1),(319,2),(319,7),(319,17),(319,20),(319,22),(319,26),(319,38),(319,40),(319,42),(319,48),(319,62),(319,63),(319,84),(319,85),(319,108),(319,135),(320,8),(320,9),(320,22),(320,93),(320,104),(320,118),(321,2),(321,9),(321,18),(321,26),(321,31),(321,61),(321,105),(322,1),(322,7),(322,12),(322,13),(322,26),(322,49),(323,13),(323,26),(323,59),(323,74),(324,2),(324,5),(324,6),(324,9),(324,18),(324,50),(324,60),(324,119),(325,33),(330,34),(331,1),(331,2),(331,6),(331,16),(331,18),(331,26),(331,31),(331,37),(331,38),(331,42),(331,54),(331,61),(331,81),(331,88),(331,108),(331,125),(332,2),(332,6),(332,13),(332,16),(332,18),(332,26),(332,39),(332,42),(332,61),(332,79),(332,88),(332,104),(333,1),(333,10),(333,17),(333,18),(333,49),(333,105),(333,134),(334,2),(334,9),(334,22),(334,38),(334,42),(334,56),(334,106),(335,2),(335,6),(335,16),(335,18),(335,26),(335,31),(335,50),(335,61),(336,38),(336,106),(337,1),(337,7),(337,17),(337,26),(337,34),(337,60),(338,18),(338,26),(338,31),(338,60),(339,6),(339,105),(339,123),(340,8),(340,20),(340,22),(340,40),(340,80),(340,86),(342,1),(342,2),(342,5),(342,6),(342,16),(342,18),(342,26),(342,31),(342,44),(342,60),(342,61),(342,64),(342,104),(342,118),(342,120),(342,128),(342,137),(342,142),(343,1),(343,8),(343,9),(343,12),(343,22),(343,31),(343,56),(343,79),(343,90),(343,104),(343,142),(344,12),(344,49),(345,6),(345,18),(345,25),(345,31),(345,48),(345,89),(346,1),(346,2),(346,6),(346,7),(346,9),(346,10),(346,12),(346,18),(346,26),(346,31),(346,44),(346,48),(346,51),(346,60),(346,71),(346,86),(346,92),(346,105),(346,143),(347,11),(347,24),(347,48),(347,61),(347,69),(347,105),(347,117),(348,1),(348,6),(348,9),(348,16),(348,17),(348,18),(348,26),(348,31),(348,39),(348,41),(348,61),(348,81),(348,88),(348,139),(348,142),(348,145),(349,1),(349,2),(349,5),(349,6),(349,12),(349,18),(349,19),(349,22),(349,23),(349,24),(349,26),(349,61),(349,72),(349,90),(349,117),(350,2),(350,9),(350,16),(350,26),(350,31),(350,39),(350,53),(350,59),(350,62),(350,81),(350,107),(350,133),(351,17),(351,26),(351,60),(352,3),(352,9),(352,17),(352,38),(352,62),(352,63),(353,2),(353,9),(353,18),(353,20),(353,101),(353,124),(354,7),(354,17),(354,62),(354,63),(354,69),(354,100),(354,135),(355,1),(355,2),(355,5),(355,6),(355,8),(355,10),(355,13),(355,16),(355,18),(355,22),(355,26),(355,31),(355,39),(355,49),(355,60),(355,66),(355,69),(355,104),(355,108),(355,120),(355,134),(356,2),(356,6),(356,8),(356,9),(356,11),(356,12),(356,18),(356,22),(356,26),(356,31),(356,34),(356,41),(356,60),(356,63),(356,93),(356,118),(356,119),(356,127),(356,135),(356,144),(357,6),(357,9),(357,17),(357,18),(357,41),(358,2),(358,6),(358,9),(358,17),(358,18),(358,26),(358,31),(358,40),(358,52),(358,129),(360,2),(360,5),(360,6),(360,9),(360,17),(360,18),(360,22),(360,26),(360,31),(360,104),(361,1),(361,9),(361,18),(361,25),(361,31),(361,38),(361,39),(361,40),(361,48),(361,53),(361,61),(361,71),(361,87),(361,89),(361,90),(361,100),(362,6),(362,7),(362,12),(362,13),(362,17),(362,26),(362,60),(364,7),(364,12),(364,13),(364,17),(364,26),(365,1),(365,7),(365,107),(365,136),(366,1),(366,6),(366,7),(366,12),(366,13),(366,17),(366,26),(366,60),(368,8),(368,20),(368,40),(368,54),(368,63),(368,69),(368,78),(368,94),(368,100),(368,103),(368,108),(368,123),(369,12),(369,17),(369,125),(370,42),(370,63),(370,126),(372,1),(372,3),(372,9),(372,12),(372,18),(372,21),(372,22),(372,26),(372,31),(372,41),(372,60),(372,62),(372,63),(373,6),(373,9),(373,18),(373,31),(373,123),(376,6),(376,18),(376,44),(377,17),(378,20),(378,64),(379,2),(379,42),(379,58),(379,108),(379,123),(380,3),(380,6),(380,9),(380,12),(380,13),(380,17),(380,18),(380,21),(380,22),(380,31),(380,41),(380,62),(380,63),(380,103),(381,16),(381,38),(381,69),(382,6),(382,7),(382,12),(382,13),(382,17),(382,26),(382,83),(382,120),(383,18),(383,22),(383,31),(383,60),(384,8),(384,22),(384,103),(385,1),(385,12),(385,13),(385,26),(385,34),(385,49),(385,60),(385,88),(385,119),(385,144),(386,2),(386,6),(386,18),(386,26),(386,31),(386,61),(386,63),(386,64),(386,120),(387,6),(387,18),(387,26),(387,40),(387,61),(387,97),(387,127),(388,9),(388,22),(388,31),(388,40),(388,63),(388,69),(390,6),(390,12),(390,26),(390,86),(391,6),(391,16),(391,18),(391,22),(391,35),(391,63),(391,65),(391,100),(391,106),(392,1),(392,7),(392,9),(392,13),(392,17),(392,18),(392,31),(392,60),(392,128),(393,17),(394,1),(394,7),(394,12),(394,13),(394,26),(394,60),(395,1),(395,2),(395,8),(395,9),(395,18),(395,25),(395,26),(395,31),(395,48),(395,80),(395,89),(396,1),(396,6),(396,26),(396,34),(397,2),(397,31),(399,1),(399,2),(399,6),(399,18),(399,26),(399,31),(399,39),(399,60),(399,81),(399,86),(399,105),(399,107),(399,136),(400,5),(400,6),(400,8),(400,19),(400,105),(400,142),(401,2),(401,3),(401,6),(401,11),(401,18),(401,20),(401,26),(402,1),(402,6),(402,7),(402,16),(402,18),(402,26),(402,31),(402,44),(402,60),(402,81),(402,105),(402,107),(403,5),(403,6),(403,7),(403,11),(403,15),(403,16),(403,18),(403,26),(403,31),(403,33),(403,61),(403,86),(403,88),(403,97),(403,105),(403,107),(403,136),(405,6),(405,18),(405,22),(405,28),(405,61),(405,64),(405,123),(406,6),(406,109),(408,1),(408,2),(408,18),(408,26),(408,31),(408,33),(408,39),(409,1),(409,16),(409,18),(409,26),(409,31),(409,60),(410,2),(410,9),(410,18),(410,26),(410,31),(410,33),(410,61),(410,81),(410,119),(410,139),(410,142),(410,145),(411,3),(411,9),(411,12),(411,18),(411,22),(411,31),(411,41),(411,62),(411,63),(411,66),(411,103),(411,125),(412,1),(412,2),(412,6),(412,7),(412,10),(412,12),(412,13),(412,17),(412,18),(412,20),(412,22),(412,31),(412,39),(412,40),(412,44),(412,60),(412,63),(412,69),(412,77),(412,84),(412,98),(412,108),(413,12),(414,1),(414,2),(414,6),(414,7),(414,17),(414,18),(414,26),(414,31),(414,60),(414,73),(414,105),(415,17),(415,20),(415,40),(416,67),(417,1),(417,2),(417,7),(417,9),(417,18),(417,20),(417,23),(417,26),(417,31),(417,33),(417,38),(417,40),(417,48),(417,54),(417,56),(417,63),(417,67),(417,69),(417,80),(417,89),(417,91),(417,94),(417,100),(417,106),(417,132),(418,1),(418,2),(418,7),(418,12),(418,13),(418,26),(418,44),(418,60),(418,86),(418,136),(419,6),(419,9),(419,13),(419,17),(419,18),(419,22),(419,41),(419,62),(419,63),(419,93),(420,9),(420,35),(420,96),(421,35),(422,8),(422,35),(423,6),(423,9),(423,17),(423,18),(424,1),(424,2),(424,4),(424,7),(424,8),(424,9),(424,17),(424,18),(424,20),(424,22),(424,24),(424,31),(424,37),(424,40),(424,41),(424,46),(424,50),(424,54),(424,56),(424,61),(424,62),(424,63),(424,95),(424,96),(424,98),(424,103),(424,106),(424,108),(424,112),(424,122),(424,127),(424,132),(424,135),(425,56),(426,6),(426,15),(426,18),(426,20),(426,26),(426,31),(426,33),(426,39),(426,44),(426,60),(426,86),(426,97),(426,105),(426,143),(427,6),(427,16),(427,17),(427,18),(427,23),(427,26),(427,39),(427,50),(427,61),(427,64),(427,97),(427,120),(427,125),(428,2),(428,6),(428,9),(428,16),(428,17),(428,18),(428,26),(428,41),(428,42),(428,48),(428,69),(428,120),(428,125),(428,126),(429,1),(429,20),(429,26),(429,31),(429,60),(429,69),(429,95),(431,2),(431,6),(431,18),(431,26),(431,44),(431,61),(432,68),(433,1),(433,2),(433,7),(433,10),(433,12),(433,13),(433,17),(433,20),(433,22),(433,31),(433,39),(433,40),(433,44),(433,54),(433,60),(433,63),(433,66),(433,69),(433,77),(433,81),(433,84),(433,98),(433,108),(433,113),(434,69),(435,22),(435,24),(435,48),(436,6),(436,9),(436,18),(436,31),(436,34),(437,6),(437,9),(437,18),(437,26),(437,34),(438,6),(438,9),(438,17),(438,18),(438,26),(438,39),(438,41),(438,63),(438,123),(438,127),(439,6),(439,18),(439,22),(439,41),(440,8),(440,9),(440,18),(440,24),(440,35),(440,48),(440,50),(440,70),(440,73),(440,125),(441,2),(441,4),(441,8),(441,10),(441,16),(441,17),(441,18),(441,20),(441,31),(441,38),(441,40),(441,42),(441,50),(441,52),(441,53),(441,54),(441,61),(441,62),(441,77),(441,81),(441,88),(441,89),(441,91),(441,95),(441,96),(441,103),(441,106),(441,107),(441,112),(441,125),(441,132),(442,1),(442,9),(442,15),(442,18),(442,31),(442,33),(442,48),(442,60),(442,81),(442,99),(442,105),(443,6),(443,7),(443,11),(443,18),(443,50),(443,61),(443,66),(443,71),(443,101),(443,105),(443,120),(444,1),(444,2),(444,18),(444,26),(444,31),(444,33),(444,39),(444,81),(445,13),(445,17),(445,19),(445,22),(445,34),(445,35),(445,41),(445,64),(445,78),(445,89),(445,100),(446,2),(446,6),(446,9),(446,16),(446,17),(446,20),(446,40),(446,54),(446,56),(446,66),(446,77),(446,97),(446,123),(446,129),(447,1),(447,6),(447,7),(447,9),(447,12),(447,17),(447,18),(447,20),(447,24),(447,26),(447,31),(447,39),(447,40),(447,48),(447,53),(447,54),(447,60),(447,61),(447,64),(447,78),(447,81),(447,87),(447,97),(447,108),(447,119),(447,120),(447,123),(447,135),(447,139),(447,142),(447,144),(447,145),(448,8),(448,9),(448,20),(448,22),(448,40),(448,54),(448,56),(448,63),(448,69),(448,103),(448,106),(449,2),(449,16),(449,50),(450,1),(450,2),(450,6),(450,12),(450,16),(450,26),(450,31),(450,34),(450,39),(450,51),(450,63),(451,2),(451,6),(451,8),(451,9),(451,18),(451,22),(451,31),(451,40),(451,44),(451,61),(451,81),(451,119),(451,142),(452,20),(453,35),(454,6),(454,9),(454,18),(454,26),(454,31),(454,40),(454,63),(454,69),(454,78),(454,94),(455,71),(455,101),(456,6),(456,18),(456,26),(456,31),(456,40),(456,60),(456,110),(457,1),(457,8),(457,22),(457,41),(457,62),(457,69),(457,103),(458,2),(458,4),(458,6),(458,16),(458,18),(458,22),(458,26),(458,31),(458,42),(458,46),(458,48),(458,50),(458,54),(458,64),(458,89),(458,108),(458,120),(459,5),(459,6),(459,7),(459,11),(459,18),(459,20),(459,31),(459,44),(459,46),(459,60),(459,81),(459,117),(459,136),(459,144),(460,6),(460,18),(460,24),(460,26),(460,41),(460,48),(460,68),(460,73),(460,97),(461,48),(461,72),(461,86),(461,105),(463,9),(463,16),(463,17),(463,38),(463,106),(464,73),(465,1),(465,2),(465,7),(465,12),(465,13),(465,26),(465,44),(465,60),(465,86),(465,136),(466,24),(467,6),(467,9),(467,18),(467,19),(467,20),(467,22),(467,40),(467,60),(467,92),(468,6),(468,18),(468,31),(468,44),(468,50),(469,2),(469,18),(469,38),(470,2),(470,9),(470,18),(470,20),(470,22),(470,24),(470,25),(470,26),(470,31),(470,40),(470,48),(470,61),(470,63),(470,64),(470,135),(471,6),(471,17),(471,24),(471,48),(471,70),(472,5),(472,6),(472,16),(472,17),(472,18),(472,93),(473,13),(473,17),(474,1),(474,2),(474,4),(474,9),(474,16),(474,17),(474,19),(474,22),(474,23),(474,25),(474,38),(474,40),(474,42),(474,46),(474,48),(474,50),(474,53),(474,54),(474,56),(474,61),(474,62),(474,63),(474,70),(474,76),(474,89),(474,96),(474,100),(474,106),(474,132),(475,2),(475,6),(475,9),(475,15),(475,16),(475,17),(475,18),(475,20),(475,22),(475,23),(475,24),(475,26),(475,31),(475,33),(475,38),(475,40),(475,48),(475,60),(475,63),(475,64),(475,67),(475,78),(475,89),(475,94),(477,1),(477,2),(477,6),(477,7),(477,13),(477,16),(477,18),(478,1),(478,9),(478,13),(478,16),(478,17),(478,20),(478,22),(478,40),(478,63),(478,66),(478,69),(478,73),(478,90),(478,100),(478,108),(480,18),(483,6),(483,18),(483,90),(483,104),(484,9),(484,18),(484,61),(484,63),(484,64),(484,73),(484,106),(485,74),(486,12),(486,13),(486,18),(486,26),(486,60),(486,123),(487,6),(487,9),(487,18),(487,22),(487,31),(487,87),(487,89),(487,98),(488,1),(488,6),(488,18),(488,26),(488,31),(488,50),(488,60),(490,75),(491,2),(491,16),(491,50),(492,6),(492,18),(492,26),(492,31),(492,39),(492,44),(492,61),(493,6),(493,18),(494,23),(495,13),(495,17),(495,26),(495,34),(495,42),(495,44),(495,49),(495,76),(495,84),(495,93),(495,108),(495,130),(496,1),(496,2),(496,7),(496,12),(496,13),(496,16),(496,17),(496,18),(496,26),(496,48),(496,89),(496,120),(496,123),(497,1),(497,2),(497,5),(497,6),(497,9),(497,11),(497,16),(497,17),(497,18),(497,20),(497,26),(497,31),(497,39),(497,60),(497,85),(497,136),(497,137),(498,2),(498,6),(498,9),(498,11),(498,16),(498,18),(498,20),(498,26),(498,31),(498,60),(499,1),(499,2),(499,6),(499,9),(499,16),(499,18),(499,26),(499,31),(499,60),(500,1),(500,2),(500,7),(500,12),(500,13),(500,16),(500,18),(500,23),(500,26),(500,31),(500,38),(500,42),(500,48),(500,51),(500,56),(500,62),(500,66),(500,90),(500,103),(500,107),(500,143),(501,9),(502,6),(502,12),(502,18),(503,20),(503,77),(504,13),(504,16),(505,1),(505,7),(505,38),(505,51),(505,60),(505,143),(505,144),(506,1),(506,7),(506,12),(506,13),(506,17),(506,26),(506,34),(506,49),(507,18),(508,69),(508,78),(510,6),(510,31),(510,60),(510,89),(510,111),(511,1),(511,2),(511,6),(511,8),(511,9),(511,18),(511,22),(511,26),(511,31),(511,41),(511,56),(511,60),(511,61),(511,79),(511,82),(511,90),(511,98),(511,103),(511,104),(511,119),(511,144),(511,145),(513,1),(513,2),(513,6),(513,7),(513,8),(513,16),(513,17),(513,18),(513,19),(513,20),(513,22),(513,24),(513,26),(513,31),(513,38),(513,40),(513,42),(513,48),(513,60),(513,61),(513,63),(513,77),(513,103),(513,106),(513,108),(513,125),(513,132),(513,135),(514,5),(514,24),(514,25),(514,48),(514,50),(514,61),(514,70),(514,104),(514,123),(514,128),(516,17),(516,20),(516,38),(516,94),(516,123),(516,128),(517,1),(517,10),(517,18),(517,26),(517,31),(517,39),(517,60),(517,61),(517,123),(518,1),(518,2),(518,4),(518,6),(518,8),(518,9),(518,17),(518,18),(518,24),(518,31),(518,37),(518,38),(518,42),(518,46),(518,50),(518,52),(518,53),(518,54),(518,61),(518,64),(518,77),(518,89),(518,96),(518,103),(518,106),(518,112),(518,132),(518,135),(519,4),(519,9),(519,17),(519,18),(519,20),(519,24),(519,27),(519,40),(519,51),(519,54),(519,61),(519,63),(519,69),(519,78),(519,80),(519,87),(519,94),(519,108),(519,123),(519,127),(520,17),(521,6),(521,9),(521,17),(521,18),(521,26),(521,31),(521,45),(521,46),(521,61),(521,64),(522,18),(522,31),(522,39),(523,1),(523,7),(523,17),(523,26),(523,49),(523,59),(523,60),(523,125),(524,9),(524,18),(524,48),(524,79),(524,90),(524,92),(524,93),(524,105),(524,142),(528,22),(529,17),(530,80),(531,12),(531,49),(531,60),(532,53),(534,1),(534,8),(534,20),(534,40),(534,50),(534,54),(534,56),(534,63),(534,69),(534,78),(534,89),(534,94),(534,100),(534,103),(534,108),(534,123),(535,6),(535,7),(535,18),(535,61),(535,129),(537,1),(537,2),(537,6),(537,7),(537,18),(537,24),(537,25),(537,48),(537,50),(537,61),(537,70),(537,123),(538,22),(539,1),(539,2),(539,12),(539,18),(539,37),(539,71),(539,84),(539,101),(539,120),(539,129),(540,8),(540,9),(540,17),(540,39),(540,63),(540,89),(540,103),(540,127),(541,1),(541,2),(541,6),(541,8),(541,9),(541,17),(541,18),(541,26),(541,31),(541,39),(541,44),(541,59),(541,60),(541,61),(541,81),(541,119),(541,120),(541,139),(541,142),(541,144),(541,145),(543,2),(543,5),(543,6),(543,7),(543,12),(543,13),(543,16),(543,17),(543,18),(543,26),(543,44),(543,51),(543,60),(543,93),(543,105),(543,113),(543,120),(543,144),(543,145),(544,17),(544,20),(544,32),(544,47),(544,54),(544,57),(544,69),(544,78),(544,94),(544,108),(545,26),(545,31),(545,53),(545,60),(545,106),(546,1),(546,6),(546,18),(546,105),(547,1),(547,7),(547,18),(547,20),(547,31),(547,40),(547,54),(547,69),(547,77),(547,78),(547,108),(547,113),(547,123),(547,128),(548,1),(548,6),(548,7),(548,12),(548,13),(548,26),(548,34),(548,49),(548,60),(549,2),(549,20),(549,71),(549,78),(549,84),(550,56),(551,4),(551,7),(551,17),(551,38),(551,40),(551,42),(551,50),(551,53),(551,63),(551,95),(551,96),(551,106),(551,108),(551,132),(553,31),(554,1),(554,17),(555,6),(555,18),(555,31),(555,89),(555,132),(556,34),(556,71),(557,1),(557,6),(557,16),(557,17),(557,18),(557,26),(557,31),(557,34),(558,39),(558,81),(558,107),(558,119),(558,133),(558,139),(559,1),(559,7),(559,12),(559,13),(559,26),(560,1),(560,2),(560,7),(560,12),(560,13),(560,26),(560,44),(560,60),(560,86),(560,136),(561,9),(561,38),(561,40),(561,54),(561,66),(562,2),(562,6),(562,7),(562,8),(562,9),(562,26),(562,31),(562,41),(562,61),(562,62),(562,63),(562,72),(562,87),(562,98),(562,108),(562,135),(563,34),(563,49),(564,1),(564,7),(564,12),(564,13),(564,26),(565,1),(565,7),(565,12),(565,13),(565,17),(565,26),(565,49),(566,2),(566,6),(566,8),(566,16),(566,18),(566,26),(566,31),(566,44),(566,68),(566,118),(566,120),(566,137),(567,1),(567,26),(568,1),(568,7),(568,12),(568,13),(568,17),(568,26),(569,59),(570,1),(570,9),(570,18),(570,26),(570,28),(570,31),(570,63),(570,64),(570,73),(570,81),(570,97),(570,135),(570,141),(571,6),(571,18),(571,22),(571,26),(571,38),(571,103),(572,6),(572,9),(572,18),(572,26),(572,103),(574,1),(574,26),(574,40),(574,78),(574,128),(575,5),(575,6),(575,18),(575,26),(575,31),(575,86),(575,93),(575,104),(576,34),(577,17),(578,4),(578,7),(578,13),(578,17),(578,93),(578,106),(578,132),(579,34),(579,44),(580,12),(580,13),(580,17),(580,34),(580,49),(581,1),(581,7),(581,12),(581,13),(581,26),(582,1),(582,7),(582,12),(582,13),(582,26),(582,34),(583,1),(583,7),(583,13),(583,16),(583,60),(584,1),(584,7),(584,26),(586,1),(586,5),(586,12),(586,13),(586,15),(586,33),(586,39),(586,81),(586,107),(586,133),(586,144),(587,8),(587,80),(589,1),(589,7),(589,13),(589,17),(589,26),(590,1),(590,2),(590,5),(590,6),(590,7),(590,12),(590,13),(590,16),(590,18),(590,26),(590,31),(590,33),(590,60),(590,81),(590,88),(590,105),(590,107),(590,120),(591,14),(591,20),(591,47),(591,73),(591,123),(592,1),(592,18),(592,24),(592,25),(592,48),(592,61),(592,86),(592,87),(592,97),(592,104),(592,105),(593,1),(593,6),(593,18),(593,26),(593,39),(593,44),(595,2),(595,13),(595,16),(595,17),(595,18),(595,22),(595,24),(595,26),(595,31),(595,36),(595,42),(595,48),(595,50),(595,56),(595,61),(595,81),(595,88),(595,90),(596,2),(596,6),(596,18),(596,44),(596,79),(596,97),(597,69),(597,83),(598,1),(598,2),(598,6),(598,10),(598,15),(598,18),(598,26),(598,31),(598,33),(598,39),(598,44),(598,60),(598,105),(598,143),(598,144),(599,1),(599,2),(599,6),(599,15),(599,18),(599,26),(599,31),(599,33),(599,60),(599,143),(600,1),(600,4),(600,9),(600,16),(600,22),(600,38),(600,40),(600,42),(600,54),(600,62),(600,95),(600,100),(600,108),(601,18),(601,22),(601,31),(601,34),(601,63),(602,1),(602,6),(602,10),(602,18),(602,31),(602,34),(602,60),(602,93),(602,143),(603,1),(603,6),(603,8),(603,18),(603,103),(604,1),(604,2),(604,9),(604,17),(604,18),(604,20),(604,22),(604,26),(604,31),(604,39),(604,40),(604,50),(604,60),(604,61),(604,63),(604,81),(604,89),(604,98),(604,119),(604,145),(606,20),(606,32),(606,50),(606,54),(606,69),(606,105),(607,1),(607,7),(607,9),(607,17),(607,31),(607,36),(608,7),(608,13),(608,17),(608,51),(608,53),(608,87),(608,100),(608,113),(608,123),(609,1),(609,6),(609,7),(609,26),(609,60),(609,120),(610,1),(610,2),(610,6),(610,18),(610,22),(610,31),(612,2),(612,6),(612,16),(612,17),(612,18),(612,26),(612,44),(612,61),(614,5),(614,6),(614,18),(614,104),(615,12),(615,13),(615,22),(615,93),(616,9),(616,22),(616,28),(616,40),(616,66),(616,69),(616,100),(616,131),(618,1),(618,2),(618,6),(618,13),(618,16),(618,18),(618,26),(618,31),(618,38),(618,39),(618,46),(618,60),(619,1),(619,2),(619,6),(619,7),(619,10),(619,12),(619,15),(619,18),(619,26),(619,31),(619,33),(619,44),(619,60),(619,71),(619,105),(619,143),(620,49),(621,49),(622,1),(622,4),(622,6),(622,8),(622,9),(622,12),(622,18),(622,22),(622,26),(622,31),(622,38),(622,50),(622,53),(622,61),(622,87),(622,89),(622,96),(622,103),(622,106),(622,115),(622,126),(623,1),(623,9),(623,18),(623,31),(623,33),(623,39),(623,48),(624,1),(624,2),(624,3),(624,9),(624,12),(624,18),(624,21),(624,22),(624,26),(624,31),(624,41),(624,60),(624,62),(624,63),(624,77),(625,1),(625,6),(625,9),(625,12),(625,18),(625,22),(625,31),(625,62),(625,63),(626,5),(626,6),(626,7),(626,11),(626,18),(626,20),(626,31),(626,44),(626,46),(626,60),(626,81),(626,117),(626,136),(626,144),(627,11),(627,18),(627,26),(627,84),(628,9),(628,81),(628,130),(628,131),(629,2),(629,18),(629,26),(629,44),(629,72),(631,2),(631,9),(631,15),(631,18),(631,26),(631,33),(631,39),(631,48),(631,77),(632,6),(632,18),(633,5),(633,6),(633,8),(633,18),(633,26),(633,61),(633,64),(633,79),(633,120),(634,1),(634,6),(634,9),(634,18),(634,26),(634,28),(634,31),(634,60),(635,1),(635,9),(635,13),(635,17),(635,18),(635,22),(635,26),(635,53),(635,61),(635,63),(635,90),(635,127),(635,135),(636,1),(636,6),(636,7),(636,9),(636,13),(636,18),(636,20),(636,26),(636,31),(636,38),(636,42),(636,48),(636,50),(636,61),(636,66),(636,93),(637,1),(637,2),(637,4),(637,7),(637,8),(637,9),(637,12),(637,16),(637,17),(637,18),(637,20),(637,22),(637,23),(637,24),(637,25),(637,26),(637,31),(637,32),(637,35),(637,36),(637,37),(637,38),(637,42),(637,50),(637,53),(637,54),(637,56),(637,61),(637,62),(637,63),(637,69),(637,70),(637,76),(637,77),(637,84),(637,85),(637,90),(637,96),(637,98),(637,100),(637,106),(637,108),(637,117),(637,125),(637,132),(637,135),(637,136),(638,8),(638,21),(638,40),(638,63),(640,7),(640,12),(640,13),(640,26),(640,60),(642,1),(642,2),(642,7),(642,10),(642,17),(642,18),(642,26),(642,29),(642,31),(642,44),(642,60),(642,81),(642,105),(642,143),(643,1),(643,2),(643,6),(643,7),(643,10),(643,12),(643,15),(643,18),(643,26),(643,31),(643,33),(643,44),(643,60),(643,71),(643,143),(644,1),(644,2),(644,6),(644,7),(644,10),(644,12),(644,15),(644,18),(644,26),(644,31),(644,33),(644,39),(644,44),(644,60),(644,71),(644,105),(644,120),(644,143),(644,144),(646,1),(646,6),(646,9),(646,18),(646,22),(646,26),(646,31),(646,60),(646,81),(646,101),(646,120),(646,143),(648,1),(648,9),(648,18),(648,20),(648,22),(648,26),(648,31),(648,60),(648,143),(649,1),(649,9),(649,18),(649,20),(649,22),(649,31),(649,69),(649,77),(649,80),(649,84),(649,143),(650,7),(650,16),(650,17),(650,18),(650,20),(650,26),(650,69),(650,81),(650,125),(651,2),(651,26),(651,86),(651,90),(651,105),(651,143),(653,1),(653,6),(653,12),(653,13),(653,16),(653,17),(653,26),(653,49),(654,6),(654,8),(654,9),(654,16),(654,18),(654,22),(654,26),(654,31),(654,41),(654,61),(654,63),(654,64),(654,115),(654,120),(655,6),(655,8),(655,9),(655,18),(655,22),(655,61),(655,125),(656,1),(656,6),(656,8),(656,18),(656,22),(656,26),(656,31),(656,61),(656,62),(656,63),(656,90),(656,96),(656,98),(656,103),(657,1),(657,2),(657,6),(657,8),(657,9),(657,12),(657,17),(657,22),(657,35),(657,39),(657,63),(657,100),(657,103),(657,128),(658,6),(658,9),(658,18),(658,34),(658,93),(658,104),(658,118),(659,2),(659,31),(660,1),(660,2),(660,7),(660,13),(660,16),(660,17),(660,18),(660,26),(660,31),(660,39),(660,50),(660,60),(660,61),(660,120),(661,5),(661,9),(661,17),(661,39),(661,66),(661,104),(661,123),(662,6),(662,34),(663,2),(663,9),(663,18),(663,22),(663,26),(663,56),(663,71),(663,79),(663,90),(663,98),(663,104),(663,137),(664,2),(664,6),(664,8),(664,9),(664,18),(664,22),(664,31),(664,44),(664,61),(664,63),(664,81),(664,119),(664,142),(665,2),(665,6),(665,8),(665,9),(665,16),(665,17),(665,18),(665,26),(665,31),(665,39),(665,44),(665,61),(665,81),(665,84),(665,93),(665,107),(665,119),(665,134),(665,139),(665,142),(666,1),(666,2),(666,5),(666,6),(666,8),(666,9),(666,17),(666,18),(666,26),(666,31),(666,39),(666,44),(666,59),(666,60),(666,61),(666,81),(666,84),(666,104),(666,119),(666,120),(666,139),(666,142),(666,144),(667,1),(667,2),(667,5),(667,6),(667,8),(667,9),(667,12),(667,16),(667,17),(667,18),(667,26),(667,31),(667,39),(667,41),(667,44),(667,59),(667,60),(667,61),(667,79),(667,81),(667,84),(667,88),(667,104),(667,107),(667,119),(667,139),(667,142),(669,7),(669,9),(669,16),(669,17),(669,18),(669,23),(669,24),(669,50),(669,51),(669,64),(669,86),(669,108),(669,129),(670,6),(670,9),(670,16),(670,17),(670,18),(670,24),(670,33),(670,48),(670,85),(670,87),(671,19),(671,40),(671,59),(671,68),(671,77),(671,81),(671,138),(671,140),(672,80),(673,1),(673,2),(673,5),(673,6),(673,7),(673,12),(673,13),(673,16),(673,17),(673,18),(673,24),(673,26),(673,31),(673,39),(673,48),(673,51),(673,59),(673,60),(673,61),(673,73),(673,79),(673,81),(673,97),(673,104),(673,105),(673,107),(673,119),(673,133),(673,140),(673,144),(674,5),(674,6),(674,7),(674,13),(674,16),(674,18),(674,26),(674,59),(674,61),(674,73),(674,81),(674,104),(674,119),(674,144),(675,2),(675,5),(675,6),(675,7),(675,13),(675,16),(675,18),(675,26),(675,59),(675,61),(675,73),(675,81),(675,104),(675,119),(675,144),(676,1),(676,2),(676,5),(676,6),(676,7),(676,12),(676,13),(676,16),(676,17),(676,18),(676,22),(676,26),(676,31),(676,39),(676,41),(676,48),(676,51),(676,59),(676,60),(676,61),(676,73),(676,79),(676,81),(676,97),(676,104),(676,105),(676,107),(676,119),(676,133),(676,139),(676,144),(677,1),(677,7),(677,12),(677,13),(677,26),(677,31),(677,34),(677,60),(677,74),(677,93),(678,9),(678,19),(678,56),(678,63),(678,141),(679,1),(679,2),(679,5),(679,6),(679,9),(679,16),(679,17),(679,18),(679,20),(679,22),(679,26),(679,31),(679,38),(679,39),(679,41),(679,42),(679,50),(679,60),(679,61),(679,63),(679,89),(679,103),(679,104),(679,118),(679,120),(679,123),(679,125),(679,132),(681,34),(682,13),(684,5),(684,6),(684,16),(684,18),(684,26),(684,61),(684,79),(684,86),(684,104),(685,1),(685,2),(685,6),(685,9),(685,16),(685,18),(685,26),(685,31),(685,34),(685,38),(685,39),(685,42),(685,52),(685,60),(685,61),(685,120),(686,6),(686,18),(686,26),(686,31),(686,50),(686,60),(686,61),(686,120),(687,6),(687,18),(687,26),(687,31),(689,8),(689,9),(689,22),(689,105),(690,2),(690,6),(690,16),(690,18),(690,26),(690,31),(690,120),(691,1),(691,18),(691,26),(691,31),(691,60),(692,1),(692,2),(692,5),(692,6),(692,11),(692,15),(692,18),(692,26),(692,31),(692,33),(692,60),(692,86),(692,88),(692,105),(692,107),(692,136),(693,1),(693,18),(693,26),(693,31),(693,39),(693,44),(694,17),(695,9),(695,18),(695,31),(696,1),(696,2),(696,6),(696,15),(696,18),(696,26),(696,33),(696,44),(696,60),(696,69),(696,71),(696,78),(696,83),(696,101),(696,142),(696,143),(697,1),(697,2),(697,6),(697,7),(697,10),(697,18),(697,24),(697,26),(697,31),(697,34),(697,44),(697,48),(697,51),(697,60),(697,71),(697,86),(697,105),(697,143),(698,5),(698,19),(699,9),(700,2),(700,6),(700,9),(700,18),(700,26),(700,38),(700,40),(700,46),(700,56),(700,60),(700,78),(700,90),(700,97),(700,108),(701,9),(701,23),(702,1),(702,5),(702,6),(702,11),(702,18),(702,26),(702,31),(702,60),(702,136),(704,6),(704,9),(704,18),(704,26),(704,31),(704,39),(704,60),(704,61),(705,1),(705,6),(705,7),(705,8),(705,9),(705,18),(705,21),(705,22),(705,26),(705,31),(705,39),(705,41),(705,50),(705,59),(705,63),(705,68),(705,73),(705,78),(705,81),(705,96),(705,119),(705,137),(705,144),(706,6),(706,16),(706,18),(706,26),(706,42),(706,61),(708,1),(708,18),(708,34),(708,60),(708,114),(709,6),(709,18),(709,26),(709,120),(710,38),(711,1),(711,2),(711,9),(711,12),(711,16),(711,17),(711,18),(711,22),(711,26),(711,31),(711,44),(711,48),(711,50),(711,56),(711,60),(711,61),(711,63),(711,81),(711,90),(711,91),(711,98),(711,100),(712,2),(712,6),(712,10),(712,18),(712,26),(712,31),(712,34),(712,44),(712,48),(712,60),(712,105),(712,143),(713,1),(713,6),(713,18),(713,31),(713,33),(713,48),(713,51),(713,60),(713,143),(714,1),(714,2),(714,6),(714,10),(714,18),(714,26),(714,31),(714,33),(714,51),(714,60),(714,105),(714,143),(715,1),(715,2),(715,4),(715,6),(715,7),(715,10),(715,12),(715,13),(715,16),(715,18),(715,26),(715,31),(715,34),(715,38),(715,44),(715,50),(715,60),(715,86),(715,97),(715,105),(715,120),(715,123),(715,128),(715,143),(716,69),(717,4),(717,22),(717,38),(717,46),(717,67),(717,75),(719,6),(719,9),(719,41),(719,52),(719,63),(719,90),(719,96),(719,117),(720,6),(720,18),(720,20),(720,48),(720,131),(721,7),(721,17),(721,62),(721,63),(721,100),(721,135),(722,6),(722,7),(722,8),(722,9),(722,12),(722,17),(722,18),(722,20),(722,22),(722,25),(722,26),(722,31),(722,41),(722,53),(722,60),(722,61),(722,73),(722,81),(722,86),(722,87),(724,1),(724,2),(724,7),(724,9),(724,10),(724,15),(724,18),(724,26),(724,31),(724,33),(724,48),(724,63),(724,81),(724,88),(724,105),(724,107),(724,143),(726,1),(726,9),(726,12),(726,18),(726,31),(726,33),(726,96),(726,100),(727,6),(727,18),(727,86),(727,105),(728,6),(728,8),(728,9),(728,11),(728,12),(728,18),(728,22),(728,31),(728,34),(728,41),(728,53),(728,93),(728,118),(728,119),(728,127),(728,135),(728,144),(730,1),(730,6),(730,9),(730,18),(730,22),(730,26),(730,31),(730,60),(730,103),(731,9),(731,38),(732,1),(732,5),(732,6),(732,18),(732,26),(732,31),(732,60),(732,81),(732,104),(732,119),(732,144),(733,1),(733,7),(733,9),(733,17),(733,18),(733,22),(733,24),(733,33),(733,34),(734,4),(734,9),(734,17),(734,20),(734,24),(734,38),(734,50),(734,53),(734,61),(734,63),(734,66),(734,69),(734,81),(734,103),(734,108),(734,123),(734,125),(734,135),(735,1),(735,2),(735,18),(735,22),(735,31),(735,34),(735,38),(736,1),(736,7),(736,13),(736,26),(736,60),(738,8),(738,9),(738,18),(738,22),(738,24),(738,61),(738,103),(739,12),(739,16),(739,18),(739,22),(739,49),(741,15),(741,18),(741,31),(741,39),(741,48),(741,60),(741,105),(742,1),(742,2),(742,5),(742,6),(742,7),(742,16),(742,18),(742,26),(742,33),(742,39),(742,44),(742,60),(742,66),(742,81),(742,88),(742,97),(742,105),(742,107),(742,119),(742,120),(742,144),(743,1),(743,6),(743,9),(743,16),(743,17),(743,18),(743,31),(743,35),(743,61),(744,6),(744,9),(744,16),(744,18),(744,22),(744,24),(744,26),(744,31),(744,60),(744,61),(744,64),(745,2),(745,6),(745,9),(745,12),(745,13),(745,16),(745,17),(745,18),(745,20),(745,26),(745,31),(745,33),(745,34),(745,39),(745,46),(745,59),(745,60),(745,63),(745,79),(745,81),(745,84),(745,107),(745,119),(745,120),(745,134),(745,139),(745,144),(748,1),(748,2),(748,6),(748,7),(748,12),(748,16),(748,18),(748,26),(748,44),(748,60),(748,81),(748,88),(748,105),(748,107),(748,119),(748,120),(748,144),(749,9),(749,20),(749,27),(749,38),(749,40),(749,53),(749,54),(749,69),(749,78),(749,87),(749,108),(751,24),(751,33),(752,9),(752,22),(752,24),(753,5),(753,6),(753,16),(753,18),(753,19),(753,50),(754,1),(754,7),(754,10),(754,12),(754,13),(754,16),(754,17),(754,20),(754,22),(754,26),(754,31),(754,40),(754,44),(754,60),(754,63),(754,66),(754,77),(754,113),(755,19),(755,20),(755,42),(755,56),(755,95),(755,117),(756,31),(756,87),(756,106),(756,132),(7,147),(16,147),(16,157),(19,157),(21,151),(21,156),(21,157),(33,147),(33,159),(35,158),(35,161),(40,158),(84,159),(98,156),(98,165),(129,161),(130,153),(135,156),(149,157),(164,150),(166,158),(166,161),(181,151),(200,157),(201,151),(201,154),(201,156),(207,153),(210,149),(213,148),(214,148),(217,149),(230,149),(236,149),(239,147),(239,164),(255,149),(259,151),(259,156),(266,156),(266,157),(271,162),(275,146),(275,159),(279,146),(279,149),(279,152),(284,151),(284,156),(291,151),(295,153),(312,147),(312,149),(319,159),(332,146),(340,151),(346,147),(346,158),(346,161),(348,151),(348,156),(349,157),(353,152),(356,157),(361,151),(361,156),(395,147),(403,153),(410,151),(410,156),(412,148),(417,159),(424,147),(424,159),(433,148),(441,159),(441,166),(441,167),(444,157),(447,151),(447,156),(447,157),(451,151),(451,156),(470,156),(474,155),(474,159),(495,158),(500,155),(511,156),(511,157),(513,147),(513,155),(513,160),(518,159),(518,166),(518,167),(519,156),(519,159),(534,149),(534,163),(541,151),(541,156),(541,157),(543,153),(543,157),(551,159),(570,149),(574,148),(595,149),(595,155),(599,158),(600,159),(604,149),(604,157),(619,158),(625,154),(633,149),(636,149),(636,161),(637,151),(637,159),(642,158),(643,158),(644,158),(661,155),(664,151),(664,156),(665,145),(665,151),(665,156),(666,145),(666,151),(666,156),(666,157),(667,151),(667,156),(669,149),(673,145),(673,157),(674,145),(674,157),(675,145),(675,157),(676,145),(676,157),(679,147),(679,151),(679,159),(685,155),(685,160),(696,145),(697,158),(697,161),(705,156),(705,157),(711,153),(712,158),(712,161),(714,161),(715,158),(715,161),(728,157),(738,156),(741,157),(745,145),(745,156),(745,157),(754,148),(755,150),(755,155);


CREATE TABLE publisher (
  id INT NOT NULL,
  publisher_name VARCHAR(50) DEFAULT NULL,
  PRIMARY KEY (id)
);

INSERT INTO publisher VALUES (1,''),(2,'ABC Studios'),(3,'Dark Horse Comics'),(4,'DC Comics'),(5,'George Lucas'),(6,'Hanna-Barbera'),(7,'HarperCollins'),(8,'Icon Comics'),(9,'IDW Publishing'),(10,'Image Comics'),(11,'J. K. Rowling'),(12,'J. R. R. Tolkien'),(13,'Marvel Comics'),(14,'Microsoft'),(15,'NBC - Heroes'),(16,'Rebellion'),(17,'Shueisha'),(18,'Sony Pictures'),(19,'South Park'),(20,'Star Trek'),(21,'SyFy'),(22,'Team Epic TV'),(23,'Titan Books'),(24,'Universal Studios'),(25,'Wildstorm');

CREATE TABLE race (
  id INT NOT NULL,
  race VARCHAR(100) DEFAULT NULL,
  PRIMARY KEY (id)
);

INSERT INTO race VALUES (1,'-'),(2,'Alien'),(3,'Alpha'),(4,'Amazon'),(5,'Android'),(6,'Animal'),(7,'Asgardian'),(8,'Atlantean'),(9,'Bizarro'),(10,'Bolovaxian'),(11,'Clone'),(12,'Cosmic Entity'),(13,'Cyborg'),(14,'Czarnian'),(15,'Dathomirian Zabrak'),(16,'Demi-God'),(17,'Demon'),(18,'Eternal'),(19,'Flora Colossus'),(20,'Frost Giant'),(21,'God / Eternal'),(22,'Gorilla'),(23,'Gungan'),(24,'Human'),(25,'Human / Altered'),(26,'Human / Clone'),(27,'Human / Cosmic'),(28,'Human / Radiation'),(29,'Human-Kree'),(30,'Human-Spartoi'),(31,'Human-Vulcan'),(32,'Human-Vuldarian'),(33,'Icthyo Sapien'),(34,'Inhuman'),(35,'Kakarantharaian'),(36,'Korugaran'),(37,'Kryptonian'),(38,'Luphomoid'),(39,'Maiar'),(40,'Martian'),(41,'Metahuman'),(42,'Mutant'),(43,'Mutant / Clone'),(44,'New God'),(45,'Neyaphem'),(46,'Parademon'),(47,'Planet'),(48,'Rodian'),(49,'Saiyan'),(50,'Spartoi'),(51,'Strontian'),(52,'Symbiote'),(53,'Talokite'),(54,'Tamaranean'),(55,'Ungaran'),(56,'Vampire'),(57,'Xenomorph XX121'),(58,'Yautja'),(59,'Yoda\'s species'),(60,'Zen-Whoberian'),(61,'Zombie');

CREATE TABLE superhero (
  id INT NOT NULL,
  superhero_name VARCHAR(200) DEFAULT NULL,
  full_name VARCHAR(200) DEFAULT NULL,
  gender_id INT DEFAULT NULL,
  eye_colour_id INT DEFAULT NULL,
  hair_colour_id INT DEFAULT NULL,
  skin_colour_id INT DEFAULT NULL,
  race_id INT DEFAULT NULL,
  publisher_id INT DEFAULT NULL,
  alignment_id INT DEFAULT NULL,
  height_cm INT DEFAULT NULL,
  weight_kg INT DEFAULT NULL,
  PRIMARY KEY (id),
  CONSTRAINT fk_sup_align FOREIGN KEY (alignment_id) REFERENCES alignment (id),
  CONSTRAINT fk_sup_eyecol FOREIGN KEY (eye_colour_id) REFERENCES colour (id),
  CONSTRAINT fk_sup_gen FOREIGN KEY (gender_id) REFERENCES gender (id),
  CONSTRAINT fk_sup_haircol FOREIGN KEY (hair_colour_id) REFERENCES colour (id),
  CONSTRAINT fk_sup_pub FOREIGN KEY (publisher_id) REFERENCES publisher (id),
  CONSTRAINT fk_sup_race FOREIGN KEY (race_id) REFERENCES race (id),
  CONSTRAINT fk_sup_skincol FOREIGN KEY (skin_colour_id) REFERENCES colour (id)
);

INSERT INTO superhero VALUES (1,'3-D Man','Charles Chandler',1,9,13,1,1,13,1,188,90),(2,'A-Bomb','Richard Milhouse Jones',1,33,1,1,24,13,1,203,441),(3,'Abe Sapien','Abraham Sapien',1,7,1,7,33,3,1,191,65),(4,'Abin Sur','-',1,7,1,23,55,4,1,185,90),(5,'Abomination','Emil Blonsky',1,14,1,1,28,13,2,203,441),(6,'Abraxas','Abraxas',1,7,4,1,12,13,2,0,0),(7,'Absorbing Man',NULL,1,7,1,1,24,13,2,193,122),(8,'Adam Monroe','-',1,7,6,1,1,15,1,0,0),(9,'Adam Strange','Adam Strange',1,7,6,1,24,4,1,185,88),(10,'Agent 13','Sharon Carter',2,7,6,1,1,13,1,173,61),(11,'Agent Bob','Bob',1,9,9,1,24,13,1,178,81),(12,'Agent Zero','Christoph Nord',1,1,1,1,1,13,1,191,104),(13,'Air-Walker','Gabriel Lan',1,7,31,1,1,13,2,188,108),(14,'Ajax',NULL,1,9,4,1,13,13,2,193,90),(15,'Alan Scott',NULL,1,7,6,1,1,4,1,180,90),(16,'Alex Mercer','Alexander J. Mercer',1,1,1,1,24,25,2,0,0),(17,'Alex Woolsly','Alex Woolsly',1,1,1,1,1,15,1,0,0),(18,'Alfred Pennyworth','Alfred Thaddeus Crane Pennyworth',1,7,4,1,24,4,1,178,72),(19,'Alien','Xenomorph',1,1,1,4,57,3,2,244,169),(20,'Allan Quatermain',NULL,1,1,1,1,1,25,1,NULL,NULL),(21,'Amazo','-',1,23,1,1,5,4,2,257,173),(22,'Ammo','-',1,9,4,1,24,13,2,188,101),(23,'Ando Masahashi','Ando Masahashi',1,1,1,1,1,15,1,0,0),(24,'Angel','Liam',1,1,1,1,56,3,1,0,0),(25,'Angel','Liam',1,7,6,1,1,13,1,183,68),(26,'Angel Dust','Christina',2,33,4,1,42,13,1,165,57),(27,'Angel Salvadore','Angel Salvadore Bohusk',2,9,4,1,1,13,1,163,54),(28,'Angela','-',2,1,1,1,1,10,2,0,0),(29,'Animal Man','Bernhard Baker',1,7,6,1,24,4,1,183,83),(30,'Annihilus','Annihilus',1,14,1,1,1,13,2,180,90),(31,'Ant-Man','Henry Jonathan Pym',1,7,6,1,24,13,1,211,122),(32,'Ant-Man II','Scott Lang',1,7,6,1,24,13,1,183,86),(33,'Anti-Monitor',NULL,1,33,1,1,21,4,2,61,NULL),(34,'Anti-Spawn','Jason Wynn',1,1,1,1,1,10,2,0,0),(35,'Anti-Venom','Edward Charles Allan Brock',1,7,6,1,52,13,NULL,229,358),(36,'Apocalypse','En Sabah Nur',1,23,4,13,42,13,2,213,135),(37,'Aquababy','Arthur Curry, Jr.',1,7,6,1,1,4,1,0,0),(38,'Aqualad','Garth',1,7,4,1,8,4,1,178,106),(39,'Aquaman','Orin',1,7,6,1,8,4,1,185,146),(40,'Arachne','Julia Carpenter',2,7,6,1,24,13,1,175,63),(41,'Archangel','Warren Kenneth Worthington III',1,7,6,7,42,13,1,183,68),(42,'Arclight','Philippa Sontag',2,30,22,1,1,13,2,173,57),(43,'Ardina','-',2,31,19,12,2,13,1,193,98),(44,'Ares','-',1,23,4,1,21,4,3,208,162),(45,'Ares','-',1,9,9,1,1,13,1,185,270),(46,'Ariel','Ariel',2,22,21,1,1,13,1,165,59),(47,'Armor','Hisako Ichiki',2,4,4,1,1,13,1,163,50),(48,'Arsenal','Roy William Harper, Jr.',1,1,1,1,24,4,1,0,0),(49,'Astro Boy',NULL,1,9,4,1,1,1,1,NULL,NULL),(50,'Atlas','-',1,7,9,1,21,4,2,198,126),(51,'Atlas','-',1,9,23,1,42,13,1,183,101),(52,'Atlas','Erik Stephan Josten',1,7,9,1,21,4,2,198,126),(53,'Atlas','Erik Stephan Josten',1,9,23,1,42,13,1,183,101),(54,'Atom','Albert Pratt',1,7,23,1,1,4,1,178,68),(55,'Atom Girl','Salu Digby',2,4,4,1,1,4,1,168,54),(56,'Atom II','Raymond Palmer',1,9,3,1,24,4,1,183,81),(57,'Atom III',NULL,1,1,23,1,1,4,1,NULL,NULL),(58,'Atom IV','Ryan Choi',1,9,4,1,1,4,1,0,72),(59,'Aurora','Jeanne-Marie Beaubier',2,7,4,1,42,13,1,180,63),(60,'Azazel','-',1,33,4,23,45,13,2,183,67),(61,'Azrael','Michael Washington Lane',1,9,4,1,24,4,1,0,0),(62,'Aztar','Aztar',1,1,1,1,1,4,1,0,0),(63,'Bananaman','-',1,1,1,1,24,1,1,0,0),(64,'Bane','-',1,1,1,1,24,4,2,203,180),(65,'Banshee','Sean Cassidy',1,14,29,1,24,13,1,183,77),(66,'Bantam','Roberto Velasquez',1,9,4,1,1,13,1,165,54),(67,'Batgirl','Mary Elizabeth Kane',2,14,23,1,24,4,1,170,57),(68,'Batgirl II','Barbara Gordon',2,14,23,1,24,4,1,170,57),(69,'Batgirl III','Helena Rosa Bertinelli',2,1,1,1,1,4,1,0,0),(70,'Batgirl IV','Cassandra Cain',2,14,4,1,24,4,1,165,52),(71,'Batgirl V',NULL,2,1,1,1,1,4,1,NULL,NULL),(72,'Batgirl VI','Stephanie Brown',2,7,6,1,1,4,1,168,61),(73,'Batman','Bruce Wayne',1,7,4,1,24,4,1,188,95),(74,'Batman II','Richard John Grayson',1,7,4,1,24,4,1,178,79),(75,'Batman III','Terrence McGinnis',1,7,4,1,24,4,1,178,77),(76,'Battlestar','Lemar Hoskins',1,9,4,1,1,13,1,198,133),(77,'Batwoman V',NULL,2,14,23,1,24,4,1,178,NULL),(78,'Beak',NULL,1,4,31,1,1,13,1,175,63),(79,'Beast','Henry Philip McCoy',1,7,7,7,42,13,1,180,181),(80,'Beast Boy','Garfield Mark Logan',1,14,14,14,24,4,1,173,68),(81,'Beetle','-',1,1,1,1,1,13,2,0,0),(82,'Ben 10','Benjamin Kirby Tennyson',1,1,1,1,1,4,1,0,0),(83,'Beta Ray Bill','Beta Ray Bill (translation of his Korbinite name)',1,1,1,1,1,13,1,201,216),(84,'Beyonder','-',1,1,1,1,21,13,1,0,0),(85,'Bi-Beast','-',1,4,1,1,5,13,1,229,158),(86,'Big Barda','Barda Free',2,7,4,1,44,4,2,188,135),(87,'Big Daddy','Damon Macready',1,1,1,1,1,8,1,0,0),(88,'Big Man','Frederick Foswell',1,7,9,1,1,13,2,165,71),(89,'Bill Harken','-',1,1,1,1,3,21,1,0,0),(90,'Billy Kincaid',NULL,1,1,1,1,1,10,2,NULL,NULL),(91,'Binary','Carol Susan Jane Danvers',2,7,6,1,1,13,1,180,54),(92,'Bionic Woman','Jamie Wells Sommers',2,7,4,1,13,1,1,0,0),(93,'Bird-Brain','-',3,1,1,1,1,13,1,0,0),(94,'Bird-Man',NULL,1,1,1,1,24,13,2,NULL,NULL),(95,'Bird-Man II',NULL,1,1,1,1,24,13,2,NULL,NULL),(96,'Birdman','Ray Randal',1,1,1,1,21,6,1,0,0),(97,'Bishop','Lucas Bishop',1,9,1,1,42,13,1,198,124),(98,'Bizarro','Bizarro',1,4,4,31,9,4,3,191,155),(99,'Black Abbott',NULL,1,23,4,1,1,13,2,NULL,NULL),(100,'Black Adam','Teth-Adam',1,9,4,1,1,4,2,191,113),(101,'Black Bolt','Blackagar Boltagon',1,7,4,1,34,13,1,188,95),(102,'Black Canary','Dinah Drake Lance',2,7,6,1,41,4,1,170,59),(103,'Black Canary II','Dinah Laurel Lance',2,7,6,1,41,4,1,170,59),(104,'Black Cat','Felicia Hardy',2,14,6,1,24,13,1,178,54),(105,'Black Flash','-',1,1,1,1,21,4,3,0,0),(106,'Black Goliath',NULL,1,1,1,1,1,13,1,NULL,NULL),(107,'Black Knight III','Dane Whitman',1,9,9,1,24,13,1,183,86),(108,'Black Lightning','Jefferson Pierce',1,9,1,1,1,4,1,185,90),(109,'Black Mamba','Tanya Sealy',2,14,4,1,1,13,2,170,52),(110,'Black Manta','-',1,4,1,1,24,4,2,188,92),(111,'Black Panther','T\'Challa',1,9,4,1,24,13,1,183,90),(112,'Black Widow',NULL,2,14,3,1,24,13,1,170,59),(113,'Black Widow II','Yelena Belova',2,7,6,1,1,13,1,170,61),(114,'Blackout','-',1,23,31,31,17,13,2,191,104),(115,'Blackwing','Joseph Manfredi',1,7,4,1,1,13,2,185,86),(116,'Blackwulf','Lucian',1,23,31,1,2,13,NULL,188,88),(117,'Blade','Eric Brooks',1,9,4,1,56,13,1,188,97),(118,'Blaquesmith',NULL,3,4,1,1,1,13,1,NULL,NULL),(119,'Bling!',NULL,2,1,1,1,1,13,1,168,68),(120,'Blink','Clarice Ferguson',2,14,18,21,42,13,1,165,56),(121,'Blizzard','-',1,1,9,1,1,13,2,0,0),(122,'Blizzard II','Donald Gill',1,9,9,1,1,13,2,175,77),(123,'Blob','Frederick J. Dukes',1,9,9,1,1,13,2,178,230),(124,'Bloodaxe','Jackie Lukus',2,7,9,1,24,13,2,218,495),(125,'Bloodhawk','Lemuel Krug',1,4,1,1,42,13,1,0,0),(126,'Bloodwraith','Sean Dolan',1,31,1,1,1,13,2,3050,0),(127,'Blue Beetle','Daniel Garrett',1,7,9,1,1,4,1,0,0),(128,'Blue Beetle II','Theodore Kord',1,7,9,1,1,4,1,183,86),(129,'Blue Beetle III','Jaime Reyes',1,9,4,1,24,4,1,0,0),(130,'Boba Fett','-',1,9,4,1,26,5,2,183,0),(131,'Bolt',NULL,1,1,1,1,1,13,1,NULL,NULL),(132,'Bomb Queen','-',2,1,1,1,1,10,2,0,0),(133,'Boom-Boom','Tabitha Smith',2,7,6,1,42,13,1,165,55),(134,'Boomer',NULL,2,1,1,1,1,13,1,NULL,NULL),(135,'Booster Gold','Michael Jon Carter',1,7,6,1,24,4,1,196,97),(136,'Box',NULL,1,1,1,1,1,13,1,NULL,NULL),(137,'Box III',NULL,3,7,6,1,1,13,1,193,110),(138,'Box IV','Madison Jeffries',3,9,10,1,1,13,1,0,0),(139,'Brainiac','Vril Dox',1,14,1,14,5,4,2,198,135),(140,'Brainiac 5','Querl Dox',1,14,6,1,1,4,1,170,61),(141,'Brother Voodoo','Jericho Drumm',1,9,11,1,24,13,1,183,99),(143,'Brundlefly','Sethaniel Brundle',1,1,1,1,42,1,3,193,0),(144,'Buffy','Buffy Anne Summers',2,14,6,1,24,3,1,157,52),(145,'Bullseye','Lester',1,7,6,1,24,13,2,183,90),(146,'Bumblebee','Karen Beecher-Duncan',2,9,4,1,24,4,1,170,59),(147,'Bumbleboy',NULL,1,1,1,1,1,13,1,NULL,NULL),(148,'Bushido','Ryuko Orsono',1,1,1,1,24,4,1,0,0),(149,'Cable','Nathan Christopher Charles Summers Dayspring',1,7,31,1,42,13,1,203,158),(150,'Callisto','Callisto',2,7,4,1,1,13,2,175,74),(151,'Cameron Hicks','-',1,1,1,1,3,21,1,0,0),(152,'Cannonball',NULL,1,7,6,1,1,13,1,183,81),(153,'Captain America','Steven Grant Rogers',1,7,6,1,24,13,1,188,108),(154,'Captain Atom','Nathaniel Christopher Adam',1,7,28,28,28,4,1,193,90),(155,'Captain Britain','Brian Braddock',1,7,6,1,24,13,1,198,116),(156,'Captain Cold','Leonard Snart',1,9,9,1,24,4,3,0,0),(157,'Captain Epic','-',1,7,9,1,1,22,1,188,0),(158,'Captain Hindsight','Jack Brolin',1,1,4,1,24,19,1,0,0),(159,'Captain Mar-vell','Mar-Vell',1,7,6,1,1,13,1,188,108),(160,'Captain Marvel',NULL,1,7,4,1,24,4,1,193,101),(161,'Captain Marvel',NULL,2,7,6,1,29,13,1,180,74),(162,'Captain Marvel II','Frederick Christopher Freeman',1,7,4,1,24,4,1,175,74),(163,'Captain Midnight',NULL,1,1,1,1,24,3,1,NULL,NULL),(164,'Captain Planet','-',1,23,14,1,21,13,1,0,0),(165,'Captain Universe','-',3,1,1,1,21,13,1,0,0),(166,'Carnage',NULL,1,14,23,1,52,13,2,185,86),(167,'Cat','Shirlee Bryant',2,7,6,1,1,13,1,173,61),(168,'Cat II',NULL,2,1,1,1,1,13,1,NULL,NULL),(169,'Catwoman','Selina Kyle',2,14,4,1,24,4,1,175,61),(170,'Cecilia Reyes',NULL,3,9,9,1,1,13,1,170,62),(171,'Century','-',1,31,31,13,2,13,1,201,97),(172,'Cerebra','Shakti Haddad',2,1,1,1,42,13,1,0,0),(173,'Chamber','Jonothon Evan Starsmore',1,9,9,1,42,13,1,175,63),(174,'Chameleon','Dmitri Anatoly Nikolayevich Smerdyakov',1,1,1,1,1,4,2,NULL,NULL),(175,'Chameleon','Dmitri Anatoly Nikolayevich Smerdyakov',1,1,1,1,24,13,2,0,0),(176,'Changeling','Kevin Sidney',1,9,4,1,1,13,2,180,81),(177,'Cheetah','Priscilla Rich',2,14,6,1,24,4,2,163,50),(178,'Cheetah II','Deborah Domaine',2,14,9,1,24,4,2,170,55),(179,'Cheetah III','Barbara Ann Minerva',2,9,9,1,24,4,2,175,54),(180,'Chewbacca','-',1,7,9,1,NULL,5,1,226,111),(181,'Chromos',NULL,1,9,25,1,1,22,2,185,86),(182,'Chuck Norris',NULL,1,1,1,1,1,1,1,178,NULL),(183,'Citizen Steel','Nathaniel Heywood',1,14,23,1,24,4,1,183,170),(184,'Claire Bennet','Claire Bennet',2,7,6,1,1,15,1,0,0),(185,'Clea','Clea',3,1,31,1,1,13,1,0,0),(186,'Cloak','Tyrone Johnson',1,9,4,1,1,13,1,226,70),(187,'Clock King','William Tockman',1,7,4,1,24,4,2,178,78),(188,'Cogliostro','Cain',1,1,1,1,1,10,2,0,0),(189,'Colin Wagner',NULL,1,13,9,1,1,7,1,NULL,NULL),(190,'Colossal Boy',NULL,1,1,1,1,1,4,1,NULL,NULL),(191,'Colossus','Piotr Nikolaievitch Rasputin',1,28,4,1,42,13,1,226,225),(192,'Copycat','Vanessa Carlysle',2,23,31,7,42,13,3,183,67),(193,'Corsair','Christopher Summers',1,9,9,1,1,13,1,191,79),(194,'Cottonmouth','Burchell Clemens',1,9,4,1,24,13,2,183,99),(195,'Crimson Crusader','Rory Destine',1,7,29,1,1,13,1,0,0),(196,'Crimson Dynamo','Anton Vanko',1,9,1,1,1,13,1,180,104),(197,'Crystal','Crystallia Amaquelin Maximoff',2,14,23,1,34,13,1,168,50),(198,'Curse',NULL,1,1,1,1,1,10,2,NULL,NULL),(199,'Cy-Gor','-',1,1,1,1,1,10,2,0,0),(200,'Cyborg','Victor Stone',1,9,4,1,13,4,1,198,173),(201,'Cyborg Superman','Henry Henshaw',1,7,4,1,13,4,2,0,0),(202,'Cyclops','Scott Summers',1,9,9,1,42,13,1,191,88),(203,'Cypher','Douglas Aaron Ramsey',3,7,6,1,1,13,1,175,68),(204,'Dagger','Tandy Bowen',2,7,6,1,1,13,1,165,52),(205,'Danny Cooper',NULL,1,9,6,1,1,7,1,NULL,NULL),(206,'Daphne Powell','Daphne Powell',2,1,1,1,1,2,1,0,0),(207,'Daredevil',NULL,1,7,23,1,24,13,1,183,90),(208,'Darkhawk','Christopher Powell',1,9,9,1,24,13,1,185,81),(209,'Darkman','Peyton Westlake',1,1,1,1,24,24,1,0,0),(210,'Darkseid','Uxas',1,23,1,13,44,4,2,267,817),(211,'Darkside',NULL,3,1,1,1,1,1,2,NULL,NULL),(212,'Darkstar','Laynia Petrovna',2,9,6,1,42,13,1,168,56),(213,'Darth Maul','-',1,35,1,24,15,5,2,170,0),(214,'Darth Vader','Anakin Skywalker',1,33,1,1,13,5,2,198,135),(215,'Dash','Dashiell Robert Parr',1,7,6,1,24,3,1,122,27),(216,'Data','-',1,33,9,1,5,20,1,0,0),(217,'Dazzler','Alison Blaire',2,7,6,1,42,13,1,173,52),(218,'Deadman','Boston Brand',1,7,4,1,24,4,1,183,90),(219,'Deadpool',NULL,1,9,1,1,42,13,3,188,95),(220,'Deadshot','Floyd Lawton',1,9,9,1,24,4,2,185,91),(221,'Deathlok','Luther Manning',1,9,13,1,13,13,1,193,178),(222,'Deathstroke','Slade Joseph Wilson',1,7,31,1,24,4,3,193,101),(223,'Demogoblin','-',1,23,1,1,17,13,2,185,95),(224,'Destroyer','-',1,1,1,1,1,13,2,188,383),(225,'Diamondback','Willis Stryker',1,9,4,1,24,13,2,193,90),(226,'DL Hawkins','Daniel Lawrence Hawkins',1,1,1,1,1,15,1,0,0),(227,'Doc Samson','Leonard Samson',1,7,14,1,28,13,1,198,171),(228,'Doctor Doom','Victor von Doom',1,9,9,1,24,13,2,201,187),(229,'Doctor Doom II','Kristoff Vernard',1,9,9,1,1,13,2,201,132),(230,'Doctor Fate','Kent Nelson',1,7,6,1,24,4,1,188,89),(231,'Doctor Octopus','Otto Octavius',1,9,9,1,24,13,2,175,110),(232,'Doctor Strange','Stephen Vincent Strange',1,13,4,1,24,13,1,188,81),(233,'Domino','Neena Thurman',2,7,4,31,24,13,1,173,54),(234,'Donatello','-',1,14,1,14,42,9,1,0,0),(235,'Donna Troy','Donna Hinckley Stacey Troy',2,7,4,1,4,4,1,175,63),(236,'Doomsday','Doomsday',1,23,31,1,2,4,2,244,412),(237,'Doppelganger','-',1,31,1,1,1,13,2,196,104),(238,'Dormammu','Dormammu',1,33,1,1,1,13,2,185,0),(239,'Dr Manhattan','Jonathan Osterman',1,31,1,7,27,4,1,0,0),(240,'Drax the Destroyer','Arthur Sampson Douglas',1,23,1,14,25,13,1,193,306),(241,'Ego','Ego',3,1,1,1,1,13,2,0,0),(242,'Elastigirl','Helen Parr',2,9,9,1,24,3,1,168,56),(243,'Electro','Maxwell Dillon',1,7,3,1,24,13,2,180,74),(244,'Elektra','Elektra Natchios',2,7,4,1,24,13,1,175,59),(245,'Elle Bishop','-',2,7,6,1,1,15,2,0,0),(246,'Elongated Man','Ralph Dibny',1,7,23,1,1,4,1,185,80),(247,'Emma Frost','Emma Frost',2,7,6,1,1,13,1,178,65),(248,'Enchantress','-',2,7,6,1,24,4,1,168,57),(249,'Energy','-',2,1,1,1,1,7,1,0,0),(250,'ERG-1',NULL,1,1,1,1,1,4,1,NULL,NULL),(251,'Ethan Hunt',NULL,1,9,9,1,24,1,1,168,NULL),(252,'Etrigan','Jason Blood',1,23,1,33,17,4,3,193,203),(253,'Evil Deadpool','-',1,31,23,1,42,13,2,188,95),(254,'Evilhawk','Dargin Bokk',1,23,4,14,2,13,2,191,106),(255,'Exodus','Bennet du Paris',1,7,4,23,42,13,2,183,88),(256,'Fabian Cortez',NULL,3,7,9,1,1,13,2,196,96),(257,'Falcon','Samuel Thomas Wilson',1,9,4,1,24,13,1,188,108),(258,'Fallen One II','-',1,4,7,1,1,13,2,0,0),(259,'Faora','Faora Hu-Ul',2,1,1,1,37,4,2,0,0),(260,'Feral','Maria Callasantos',3,33,20,1,1,13,1,175,50),(261,'Fighting Spirit',NULL,2,1,23,1,1,4,1,NULL,NULL),(262,'Fin Fang Foom','-',1,23,1,14,35,13,1,975,18000),(263,'Firebird','Bonita Juarez',2,9,4,1,1,13,1,165,56),(264,'Firelord','Pyreus Kril',3,31,33,1,1,13,1,193,99),(265,'Firestar','Angelica Jones',2,14,23,1,42,13,1,173,56),(266,'Firestorm','Jason Rusch',1,9,4,1,24,4,1,188,91),(267,'Firestorm II','Ronald Raymond',1,7,3,1,24,4,1,188,91),(268,'Fixer','Paul Norbert Ebersol',3,23,1,1,1,13,2,0,0),(269,'Flash','Jason Peter Garrick',1,7,11,1,24,4,1,180,81),(270,'Flash Gordon',NULL,1,1,1,1,1,1,1,NULL,NULL),(271,'Flash II','Bartholomew Henry Allen',1,7,6,1,24,4,1,183,88),(272,'Flash III','Wallace Rudolph West',1,1,1,1,24,4,1,183,86),(273,'Flash IV','Bartholomew Allen II',1,33,3,1,24,4,1,157,52),(274,'Forge','-',3,9,4,1,1,13,1,183,81),(275,'Franklin Richards','Franklin Benjamin Richards',1,7,6,1,42,13,1,142,45),(276,'Franklin Storm','Dr. Franklin Storm',3,7,13,1,1,13,1,188,92),(277,'Frenzy','Joanna Cargill',2,9,4,1,1,13,2,211,104),(278,'Frigga','Frigga',2,7,31,1,1,13,1,180,167),(279,'Galactus',NULL,1,4,4,1,12,13,3,876,16),(280,'Gambit','Remy Etienne LeBeau',1,23,9,1,42,13,1,185,81),(281,'Gamora','Gamora Zen Whoberi Ben Titan',2,33,4,14,60,13,1,183,77),(282,'Garbage Man','Richard Ethan Morse',1,1,1,1,42,4,1,0,0),(283,'Gary Bell','Gary Bell',1,1,1,1,3,21,1,0,0),(284,'General Zod','Dru-Zod',1,4,4,1,37,4,2,0,0),(285,'Genesis','Tyler Dayspring',1,7,6,1,1,13,1,185,86),(286,'Ghost Rider',NULL,1,23,1,1,17,13,1,188,99),(287,'Ghost Rider II','Daniel Ketch',3,1,1,1,1,13,1,0,0),(288,'Giant-Man','Henry Jonathan Pym',1,1,1,1,24,13,1,0,0),(289,'Giant-Man II',NULL,1,1,1,1,1,13,1,NULL,NULL),(290,'Giganta','Doris Zuel',2,14,23,1,1,4,2,6250,630),(291,'Gladiator','Kallark',1,7,7,22,51,13,3,198,268),(292,'Goblin Queen','Madelyne Jennifer Pryor',2,14,23,1,1,13,2,168,50),(293,'Godzilla','-',3,1,1,1,NULL,1,2,10800,90000000),(294,'Gog','-',1,1,1,1,1,4,2,0,0),(295,'Goku','Kakarot',1,1,1,1,49,17,1,175,62),(296,'Goliath',NULL,1,1,1,1,24,13,1,NULL,NULL),(297,'Goliath IV',NULL,1,9,4,1,1,13,1,183,90),(298,'Gorilla Grodd','Grodd',1,33,4,1,22,4,2,198,270),(299,'Granny Goodness','-',2,7,31,1,1,4,2,178,115),(300,'Gravity','Greg Willis',1,7,9,1,24,13,1,178,79),(301,'Greedo','-',1,22,1,14,48,5,2,170,0),(302,'Green Arrow','Oliver Jonas Queen',1,14,6,1,24,4,1,188,88),(303,'Green Goblin',NULL,1,7,3,1,24,13,2,180,83),(304,'Green Goblin II','Harold Osborn',1,7,3,1,1,13,2,178,77),(305,'Green Goblin III',NULL,1,1,1,1,1,13,1,183,88),(306,'Green Goblin IV','Phillip Benjamin Urich',1,14,9,1,1,13,1,178,79),(307,'Green Lantern','Alan Ladd Wellington Scott',1,7,6,1,1,4,1,180,90),(308,'Green Lantern II','Guy Darrin Gardner',1,7,23,1,32,4,1,188,95),(309,'Green Lantern III','John Stewart',1,14,4,1,24,4,1,185,90),(310,'Green Lantern IV','-',1,9,4,1,24,4,1,0,0),(311,'Green Lantern V','Jessica Viviana Cruz',2,14,9,1,24,4,1,0,0),(312,'Groot','Groot',1,33,1,1,19,13,1,701,4000),(313,'Guardian','Dr. James McDonald Hudson',1,9,4,1,24,13,1,0,0),(314,'Guy Gardner',NULL,1,7,23,1,32,4,1,188,95),(315,'Hal Jordan',NULL,1,9,9,1,24,4,1,188,90),(316,'Han Solo','Han Solo',1,9,9,1,24,5,1,183,79),(317,'Hancock','John Hancock',1,9,4,1,24,18,1,188,0),(318,'Harley Quinn','Harleen Francis Quinzel',2,7,6,1,24,4,2,170,63),(319,'Harry Potter','-',1,14,4,1,24,11,1,0,0),(320,'Havok',NULL,1,7,6,1,42,13,1,183,79),(321,'Hawk','Henry Hall',1,23,9,1,1,4,1,185,89),(322,'Hawkeye','Clinton Francis Barton',1,7,6,1,24,13,1,191,104),(323,'Hawkeye II','Katherine Elizabeth Bishop',2,7,4,1,24,13,1,165,57),(324,'Hawkgirl',NULL,2,14,23,1,1,4,1,175,61),(325,'Hawkman','Carter Hall',1,7,9,1,2,4,1,185,88),(326,'Hawkwoman','Shayera Hol',2,14,23,1,1,4,1,175,54),(327,'Hawkwoman II','Sharon Parker',2,1,1,1,1,4,1,0,0),(328,'Hawkwoman III','Shayera Thal',2,7,23,1,1,4,1,170,65),(329,'He-Man','-',1,1,1,1,24,NULL,1,0,0),(330,'Heat Wave','Mick Rory',1,7,1,1,24,4,2,180,81),(331,'Hela','-',2,14,4,1,7,13,2,213,225),(332,'Hellboy','Anung Un Rama',1,12,4,1,17,3,1,259,158),(333,'Hellcat',NULL,2,7,23,1,24,13,1,173,61),(334,'Hellstorm','Daimon Hellstrom',1,23,23,1,1,13,1,185,81),(335,'Hercules','Heracles',1,7,9,1,16,13,1,196,146),(336,'Hiro Nakamura','Hiro Nakamura',1,1,1,1,1,15,1,0,0),(337,'Hit-Girl','Mindy McCready',2,1,1,1,24,8,1,0,0),(338,'Hobgoblin','Roderick Kingsley',1,7,13,1,1,13,2,180,83),(339,'Hollow','Monet St. Croix',2,7,23,1,1,13,1,170,0),(340,'Hope Summers','Hope Summers',2,14,23,1,1,13,1,168,48),(341,'Howard the Duck','Howard (Last name unrevealed)',1,9,33,1,1,13,1,79,18),(342,'Hulk','Robert Bruce Banner',1,14,14,14,28,13,1,244,630),(343,'Human Torch','Jonathan Lowell Spencer Storm',1,7,6,1,28,13,1,178,77),(344,'Huntress','Helena Rosa Bertinelli',2,7,4,1,1,4,1,180,59),(345,'Husk','Paige Elisabeth Guthrie',2,7,6,1,42,13,1,170,58),(346,'Hybrid',NULL,1,9,4,1,52,13,1,175,77),(347,'Hydro-Man','Morris Bench',1,9,9,1,1,13,2,188,119),(348,'Hyperion','-',1,7,23,1,18,13,1,183,207),(349,'Iceman','Robert Louis Drake',1,9,9,1,42,13,1,173,65),(350,'Impulse','Bartholomew Allen II',1,33,3,1,24,4,1,170,65),(351,'Indiana Jones','Henry Walton Jones Jr.',1,1,1,1,24,5,1,183,79),(352,'Indigo','-',2,1,22,1,2,4,3,0,0),(353,'Ink','Eric Gitter',1,7,1,1,42,13,1,180,81),(354,'Invisible Woman',NULL,2,7,6,1,28,13,1,168,54),(355,'Iron Fist','Daniel Thomas Rand-K\'ai',1,7,6,1,24,13,1,180,79),(356,'Iron Man','Anthony Edward Stark',1,7,4,1,24,13,1,198,191),(357,'Iron Monger','Obadiah Stane',1,7,1,1,1,13,2,0,2000),(358,'Isis','Adrianna Tomaz',2,1,1,1,1,4,1,0,0),(359,'Jack Bauer',NULL,1,1,1,1,1,1,1,NULL,NULL),(360,'Jack of Hearts','Jonathan Hart',1,8,9,1,24,13,1,155,79),(361,'Jack-Jack','Jac-jack Parr',1,7,9,1,24,3,1,71,14),(362,'James Bond',NULL,1,7,6,1,24,23,1,183,NULL),(363,'James Bond (Craig)','James Bond',1,7,6,1,24,NULL,1,183,0),(364,'James T. Kirk','James Tiberius Kirk',1,16,9,1,24,20,1,178,77),(365,'Jar Jar Binks','-',1,33,1,20,23,5,1,193,0),(366,'Jason Bourne',NULL,1,1,1,1,24,1,1,NULL,NULL),(367,'Jason Voorhees','-',1,9,23,1,24,3,2,191,113),(368,'Jean Grey','Jean Grey-Summers',2,14,23,1,42,13,1,168,52),(369,'Jean-Luc Picard','-',1,1,1,1,24,20,1,0,0),(370,'Jennifer Kale','Jennifer Kale',2,7,6,1,1,13,1,168,55),(371,'Jesse Quick','Jessica Belle Chambers',2,1,1,1,24,4,1,0,0),(372,'Jessica Cruz',NULL,2,14,9,1,24,4,1,NULL,NULL),(373,'Jessica Jones',NULL,2,9,9,1,24,13,1,170,56),(374,'Jessica Sanders',NULL,2,1,1,1,1,15,1,NULL,NULL),(375,'Jigsaw','Billy Russo',1,7,4,1,1,13,2,188,113),(376,'Jim Powell','Jim Powell',1,1,1,1,1,2,1,0,0),(377,'JJ Powell','JJ Powell',1,1,1,1,1,2,1,0,0),(378,'Johann Krauss',NULL,1,1,1,1,1,3,1,NULL,NULL),(379,'John Constantine','John Constantine',1,7,6,1,24,4,1,183,0),(380,'John Stewart',NULL,1,14,4,1,24,4,1,185,90),(381,'John Wraith','John Wraith',1,9,4,1,1,13,1,183,88),(382,'Joker','Jack Napier',1,14,14,31,24,4,2,196,86),(383,'Jolt','Helen Takahama',2,7,4,1,1,13,1,165,49),(384,'Jubilee','Jubilation Lee',2,23,4,1,42,13,1,165,52),(385,'Judge Dredd','Joseph Dredd',1,1,1,1,24,16,1,188,0),(386,'Juggernaut','Cain Marko',1,7,23,1,24,13,3,287,855),(387,'Junkpile','-',1,1,1,1,42,13,2,0,0),(388,'Justice','Vance Astrovik',1,16,9,1,24,13,1,178,81),(389,'Jyn Erso','-',2,14,9,1,24,5,1,0,0),(390,'K-2SO',NULL,1,31,1,1,5,5,1,213,NULL),(391,'Kang','Nathaniel Richards',1,9,9,1,1,13,2,191,104),(392,'Karate Kid','-',1,9,9,1,24,4,1,173,72),(393,'Kathryn Janeway','Kathryn M. Janeway',2,1,1,1,24,20,1,0,0),(394,'Katniss Everdeen','-',2,1,1,1,24,1,1,0,0),(395,'Kevin 11','Kevin Ethan Levin',1,1,4,1,24,4,1,0,0),(396,'Kick-Ass','Dave Lizewski',1,7,6,1,24,8,1,0,0),(397,'Kid Flash','Wallace Rudolph West',1,14,23,1,24,4,1,0,0),(398,'Kid Flash II','Bartholomew Allen II',1,1,1,1,1,4,1,0,0),(399,'Killer Croc','Waylon Jones',1,23,1,14,41,4,2,244,356),(400,'Killer Frost','-',2,7,6,7,24,4,2,0,0),(401,'Kilowog',NULL,1,23,1,21,10,4,1,234,324),(402,'King Kong','-',1,33,4,1,6,1,1,3050,9000000),(403,'King Shark','-',1,4,1,1,6,4,2,0,0),(404,'Kingpin','Wilson Grant Fisk',1,7,1,1,24,13,2,201,203),(405,'Klaw','Ulysses Klaw',1,23,1,23,24,13,2,188,97),(406,'Kool-Aid Man',NULL,1,4,1,23,1,1,1,NULL,NULL),(407,'Kratos','-',1,1,1,1,16,25,1,198,108),(408,'Kraven II','Alyosha Kravinoff',1,9,4,1,24,13,2,191,99),(409,'Kraven the Hunter',NULL,1,9,4,1,24,13,2,183,106),(410,'Krypto','Krypto the Superdog',1,7,31,1,37,4,1,64,18),(411,'Kyle Rayner',NULL,1,14,4,1,24,4,1,180,79),(412,'Kylo Ren','-',1,1,1,1,24,5,2,0,0),(413,'Lady Bullseye','-',2,1,4,1,1,13,2,0,0),(414,'Lady Deathstrike','Yuriko Oyama',2,9,4,1,13,13,2,175,58),(415,'Leader','Samuel Sterns',1,14,1,1,1,13,2,178,63),(416,'Leech','-',1,1,1,1,1,13,1,0,0),(417,'Legion',NULL,1,15,4,1,42,13,1,175,59),(418,'Leonardo','-',1,7,1,14,42,9,1,0,0),(419,'Lex Luthor','Alexander \'Lex\' Joseph Luthor',1,14,1,1,24,4,2,188,95),(420,'Light Lass','Ayla Ranzz',2,7,23,1,1,4,1,165,54),(421,'Lightning Lad','Garth Ranzz',1,7,23,1,1,4,1,155,65),(422,'Lightning Lord','Mekt Ranzz',1,7,23,1,1,4,2,191,95),(423,'Living Brain','-',3,33,1,1,1,13,2,198,360),(424,'Living Tribunal','-',3,7,1,12,12,13,3,0,0),(425,'Liz Sherman','Elizabeth Anne Sherman',2,1,1,1,1,3,1,0,0),(426,'Lizard','Curtis Connors',1,23,1,1,24,13,2,203,230),(427,'Lobo','-',1,23,4,8,14,4,3,229,288),(428,'Loki','Loki Laufeyson',1,14,4,1,7,13,2,193,236),(429,'Longshot','-',1,7,6,1,24,13,1,188,36),(430,'Lucifer Morningstar','-',1,2,6,1,21,4,3,178,79),(431,'Luke Cage','Luke Cage',1,9,4,1,24,13,1,198,191),(432,'Luke Campbell',NULL,1,1,1,1,1,15,2,NULL,NULL),(433,'Luke Skywalker','Luke Skywalker',1,7,6,1,24,5,1,168,77),(434,'Luna','Luna Maximoff',2,1,1,1,24,13,1,0,0),(435,'Lyja','Lyja',2,14,14,1,1,13,1,0,0),(436,'Mach-IV','Abner Jenkins',1,9,9,1,1,13,2,180,79),(437,'Machine Man','X-51, Aaron Stack',3,23,4,1,1,13,1,183,383),(438,'Magneto','Erik Magnus Lensherr',1,13,31,1,42,13,2,188,86),(439,'Magog','David Reid',1,7,6,1,1,4,1,0,0),(440,'Magus','-',1,4,1,1,1,13,2,183,0),(441,'Man of Miracles','-',3,7,28,1,21,10,NULL,0,0),(442,'Man-Bat','Robert Kirkland Langstrom',1,9,9,1,24,4,3,0,0),(443,'Man-Thing','Dr. Theodore Sallis',1,23,1,14,1,13,1,213,225),(444,'Man-Wolf','John Jameson',1,9,3,1,1,13,1,188,90),(445,'Mandarin','Khan',1,7,31,1,24,13,2,188,97),(446,'Mantis','-',2,14,4,14,29,13,1,168,52),(447,'Martian Manhunter','J\'onn J\'onzz',1,23,1,14,40,4,1,201,135),(448,'Marvel Girl','Rachel Anne Summers',2,14,23,1,1,13,1,170,56),(449,'Master Brood',NULL,1,7,4,1,1,22,1,183,81),(450,'Master Chief','John-117',1,9,9,1,25,14,1,213,0),(451,'Match','Kent Connor',1,4,4,1,1,4,2,0,0),(452,'Matt Parkman','Matthew Parkman',1,1,1,1,1,15,1,0,0),(453,'Maverick','Christopher Bradley',1,7,4,1,1,13,1,193,110),(454,'Maxima','-',2,9,23,1,1,4,2,180,72),(455,'Maya Herrera','Maya Herrera',2,1,1,1,1,15,1,0,0),(456,'Medusa','Medusalith Amaquelin Boltagon',2,14,23,1,34,13,1,180,59),(457,'Meltdown','Tabitha Smith',2,7,6,1,1,13,1,165,54),(458,'Mephisto','-',1,31,4,1,1,13,2,198,140),(459,'Mera','-',2,7,23,1,8,4,1,175,72),(460,'Metallo','John Corben',1,14,9,1,5,4,2,196,90),(461,'Metamorpho','Rex Mason',1,4,1,1,1,4,1,185,90),(462,'Meteorite',NULL,2,1,1,1,1,13,1,NULL,NULL),(463,'Metron','Metron',1,7,4,1,1,4,1,185,86),(464,'Micah Sanders','Micah Sanders',1,9,4,1,1,15,1,0,0),(465,'Michelangelo','-',1,7,1,14,42,9,1,0,0),(466,'Micro Lad','Gim Allon',1,13,9,1,1,4,1,183,77),(467,'Mimic','Calvin Montgomery Rankin',1,9,9,1,1,13,1,188,101),(468,'Minna Murray',NULL,2,1,1,1,1,25,1,NULL,NULL),(469,'Misfit','Charlotte Gage-Radcliffe',2,7,23,1,1,4,1,0,0),(470,'Miss Martian','M\'gann M\'orzz',2,23,23,1,1,4,1,178,61),(471,'Mister Fantastic','Reed Richards',1,9,9,1,28,13,1,185,81),(472,'Mister Freeze','Victor Fries',1,1,1,1,24,4,2,183,86),(473,'Mister Knife','-',1,7,9,1,50,13,2,0,0),(474,'Mister Mxyzptlk','Mr. Mxyzptlk',1,1,1,1,21,4,2,0,0),(475,'Mister Sinister','Dr. Nathaniel Essex',1,23,4,1,25,13,2,196,128),(476,'Mister Zsasz','Victor Zsasz',1,7,6,1,24,4,2,173,68),(477,'Mockingbird','Barbara Morse',2,7,6,1,24,13,1,175,61),(478,'MODOK','-',1,31,9,1,13,13,2,366,338),(479,'Mogo','Mogo',1,1,1,1,47,4,1,0,0),(480,'Mohinder Suresh',NULL,1,1,1,1,1,15,1,NULL,NULL),(481,'Molecule Man','-',1,7,9,1,28,13,2,170,63),(482,'Moloch','Edgar William Jacobi',1,1,1,1,1,4,2,0,0),(483,'Molten Man','Mark Raxton',1,12,12,1,1,13,2,196,248),(484,'Monarch','Nathaniel Christopher Adam',1,7,31,1,1,4,1,193,90),(485,'Monica Dawson','Monica Dawson',2,1,1,1,1,15,1,0,0),(486,'Moon Knight','Marc Spector',1,9,9,1,24,13,1,188,101),(487,'Moonstone','Dr. Karla Sofen',2,7,6,1,1,13,2,180,59),(488,'Morlun','Morlun',1,32,4,1,1,13,2,188,79),(489,'Morph','Kevin Sydney',1,31,1,1,1,13,1,178,79),(490,'Moses Magnum','Moses Magnum',1,9,4,1,1,13,2,175,72),(491,'Mr Immortal','-',1,7,6,1,42,13,1,188,70),(492,'Mr Incredible','Robert Parr',1,7,6,1,24,3,1,201,158),(493,'Ms Marvel II','Sharon Ventura',2,7,23,1,1,13,1,173,61),(494,'Multiple Man','James Arthur',1,7,9,1,1,13,1,180,70),(495,'Mysterio','Quentin Beck',1,9,1,1,24,13,2,180,79),(496,'Mystique','Raven Darkholme',2,33,26,7,42,13,2,178,54),(497,'Namor',NULL,1,13,4,1,8,13,1,188,125),(498,'Namora','Aquaria Nautica Neptunia',2,7,6,1,1,13,1,180,85),(499,'Namorita','Namorita Prentiss',2,7,6,1,1,13,1,168,101),(500,'Naruto Uzumaki','-',1,7,33,1,24,17,1,178,54),(501,'Nathan Petrelli',NULL,1,9,1,1,1,15,1,NULL,NULL),(502,'Nebula','-',2,7,1,7,38,13,2,185,83),(503,'Negasonic Teenage Warhead','-',2,4,4,1,42,13,1,0,0),(504,'Nick Fury','Nicholas Joseph Fury',1,9,11,1,24,13,1,185,99),(505,'Nightcrawler','Kurt Wagner',1,33,17,1,1,13,1,175,88),(506,'Nightwing','Richard John Grayson',1,7,4,1,24,4,1,178,79),(507,'Niki Sanders','Nicole Sanders',2,7,6,1,1,15,1,0,0),(508,'Nina Theroux','-',2,1,1,1,3,21,1,0,0),(509,'Nite Owl II','Daniel Dreiberg',1,1,1,1,1,4,1,0,0),(510,'Northstar','Jean-Paul Beaubier',1,7,4,1,1,13,1,180,83),(511,'Nova','Richard Rider',1,9,9,1,24,13,1,185,86),(513,'Odin','-',1,7,31,1,21,13,1,206,293),(514,'Offspring','Luke O\'Brian',1,1,1,1,1,4,1,0,0),(515,'Omega Red','Arkady Gregorivich',1,23,6,1,1,13,2,211,191),(516,'Omniscient',NULL,1,9,4,1,1,22,1,180,65),(517,'One Punch Man','-',1,1,1,1,24,17,1,175,69),(518,'One-Above-All','-',3,1,1,1,12,13,3,0,0),(519,'Onslaught','Onslaught',1,23,1,1,42,13,2,305,405),(520,'Oracle','Barbara Gordon',2,7,23,1,24,4,1,178,59),(521,'Osiris','Amon Tomaz',1,9,9,1,1,4,1,0,0),(522,'Overtkill',NULL,1,1,1,1,1,10,2,NULL,NULL),(523,'Ozymandias','Adrian Alexander Veidt',1,7,6,1,24,4,2,0,0),(524,'Parademon','-',3,1,1,1,46,4,2,0,0),(525,'Paul Blart','-',1,1,1,1,24,18,1,170,117),(526,'Penance',NULL,3,1,1,1,1,13,1,NULL,NULL),(527,'Penance I',NULL,2,1,1,1,1,13,1,NULL,NULL),(528,'Penance II','Robert Baldwin',1,7,6,1,1,13,1,183,89),(529,'Penguin','Oswald Chesterfield Cobblepot',1,7,4,1,24,4,2,157,79),(530,'Peter Petrelli','Peter Petrelli',1,1,1,1,1,15,1,0,0),(531,'Phantom','Christopher Walker',1,1,1,1,1,4,1,0,0),(532,'Phantom Girl','Tinya Wazzo',2,7,4,1,1,4,1,168,54),(533,'Phantom Stranger','-',1,4,4,1,24,4,3,188,83),(534,'Phoenix','Jean Grey-Summers',2,14,23,1,42,13,1,168,52),(535,'Plantman','-',1,14,13,1,42,13,2,183,87),(536,'Plastic Lad',NULL,1,1,1,1,1,4,1,NULL,NULL),(537,'Plastic Man','Patrick O\'Brian',1,7,4,1,24,4,1,185,80),(538,'Plastique','Bette Sans Souci',2,7,23,1,1,4,2,168,55),(539,'Poison Ivy','Pamela Lillian Isley',2,14,23,14,24,4,2,168,50),(540,'Polaris','Lorna Sally Dane',2,14,14,1,42,13,1,170,52),(541,'Power Girl','Kara Zor-L',2,7,6,1,37,4,1,180,81),(542,'Power Man','-',1,1,1,1,42,13,1,0,0),(543,'Predator','Yautja',1,1,1,1,58,3,2,213,234),(544,'Professor X','Charles Francis Xavier',1,7,1,1,42,13,1,183,86),(545,'Professor Zoom','Eobard Thawne',1,7,29,1,24,4,2,180,81),(546,'Proto-Goblin','Nels Van Adder',1,14,6,1,1,13,2,0,0),(547,'Psylocke','Elizabeth Braddock',2,7,22,1,42,13,1,180,70),(548,'Punisher','Francis Castiglione',1,7,4,1,24,13,1,183,90),(549,'Purple Man','Zebediah Killgrave',1,22,22,22,24,13,2,180,74),(550,'Pyro','St. John Allerdyce',1,7,6,1,1,13,2,178,68),(551,'Q','-',1,1,1,1,21,20,NULL,0,0),(552,'Quake','Daisy Louise Johnson',2,9,4,1,NULL,13,1,163,52),(553,'Quantum',NULL,1,1,1,1,1,7,1,NULL,NULL),(554,'Question','Charles Victor Szasz',1,7,6,1,24,4,1,188,83),(555,'Quicksilver','Pietro Django Maximoff',1,7,28,1,42,13,1,183,79),(556,'Quill','Maxwell Jordan',1,9,9,1,1,13,1,163,56),(557,'Ra\'s Al Ghul','Ra\'s Al Ghul',1,14,13,1,24,4,2,193,97),(558,'Rachel Pirzad','-',2,1,1,1,3,21,1,0,0),(559,'Rambo',NULL,1,9,4,1,24,1,1,178,83),(560,'Raphael','-',1,1,1,14,42,9,1,0,0),(561,'Raven','Rachel Roth',2,17,4,1,24,4,3,165,50),(562,'Ray','Raymond C. Terrill',1,14,23,1,24,4,1,178,70),(563,'Razor-Fist II','Douglas Scott',1,7,1,1,1,13,2,191,117),(564,'Red Arrow',NULL,1,14,23,1,24,4,1,180,83),(565,'Red Hood','Jason Peter Todd',1,7,4,1,24,4,3,183,81),(566,'Red Hulk','Thaddeus E. Ross',1,33,4,23,28,13,3,213,630),(567,'Red Mist','Chris Genovese',1,1,1,1,1,8,2,0,0),(568,'Red Robin','Timothy Jackson Drake',1,7,4,1,24,4,1,165,56),(569,'Red Skull','Johann Shmidt',1,7,1,1,1,13,2,188,108),(570,'Red Tornado',NULL,1,14,1,1,5,4,1,185,146),(571,'Redeemer II',NULL,1,1,1,1,1,10,2,NULL,NULL),(572,'Redeemer III',NULL,1,1,1,1,1,10,2,NULL,NULL),(573,'Renata Soliz',NULL,2,1,1,1,1,7,1,NULL,NULL),(574,'Rey','-',2,16,9,1,24,5,1,297,0),(575,'Rhino','Aleksei Mikhailovich Sytsevich',1,9,9,1,28,13,2,196,320),(576,'Rick Flag','Richard Rogers Flag',1,7,9,1,1,4,2,185,85),(577,'Riddler','Edward Nigma',1,1,1,1,1,4,2,0,0),(578,'Rip Hunter','-',1,7,6,1,24,4,1,0,0),(579,'Ripcord',NULL,2,14,4,1,1,13,1,180,72),(580,'Robin','Richard John Grayson',1,7,4,1,24,4,1,178,79),(581,'Robin II','Jason Peter Todd',1,7,23,1,24,4,1,183,101),(582,'Robin III','Timothy Jackson Drake',1,7,4,1,24,4,1,165,56),(583,'Robin V','Damian Wayne',1,7,4,1,24,4,1,137,38),(584,'Robin VI','Carrie Kelley',2,14,23,1,24,4,3,0,0),(585,'Robocop','Alexander James Murphy',1,1,1,1,13,1,1,188,0),(586,'Rocket Raccoon','Rocket Raccoon',1,9,9,1,6,13,1,122,25),(587,'Rogue','Anna Marie',2,14,11,1,1,13,1,173,54),(588,'Ronin',NULL,1,7,6,1,24,13,1,191,104),(589,'Rorschach','Walter Joseph Kovacs',1,7,23,1,24,4,1,168,63),(590,'Sabretooth','Victor Creed',1,2,6,1,42,13,2,198,171),(591,'Sage','Tessa',2,7,4,1,1,13,1,170,61),(592,'Sandman','-',1,9,9,1,24,13,3,185,203),(593,'Sasquatch','Walter Langkowski',1,23,19,1,1,13,1,305,900),(594,'Saturn Girl','Imra Ardeen-Ranzz',2,7,6,1,NULL,4,1,170,59),(595,'Sauron','-',1,1,1,1,39,12,2,279,0),(596,'Savage Dragon','Kurr',1,1,1,1,1,10,1,0,0),(597,'Scarecrow','Jonathan Crane',1,7,9,1,24,4,2,183,63),(598,'Scarlet Spider','Benjamin Reilly',1,7,6,1,24,13,1,178,74),(599,'Scarlet Spider II','Kaine Parker',1,9,9,1,11,13,1,193,113),(600,'Scarlet Witch','Wanda Maximoff',2,7,9,1,42,13,2,170,59),(601,'Scorpia','Elaine Coll',2,14,23,1,1,13,2,0,0),(602,'Scorpion','MacDonald Gargan',1,9,9,1,24,13,2,211,310),(603,'Sebastian Shaw','Sebastian Hiram Shaw',1,1,1,1,42,13,2,0,0),(604,'Sentry','Robert Reynolds',1,7,6,1,24,13,1,188,87),(606,'Shadow King','Amahl Farouk',3,23,1,1,1,13,1,185,149),(607,'Shadow Lass','-',2,4,4,7,53,4,1,173,54),(608,'Shadowcat','Katherine Pryde',2,16,9,1,42,13,1,168,50),(609,'Shang-Chi','Shang-Chi',1,9,4,1,24,13,1,178,79),(610,'Shatterstar','Gaveedra Seven',1,9,23,1,1,13,1,191,88),(611,'Shazam','William Joseph Batson',1,7,4,1,24,4,1,193,101),(612,'She-Hulk','Jennifer Walters',2,14,14,1,24,13,1,201,315),(613,'She-Ra','-',2,1,1,1,24,NULL,1,0,0),(614,'She-Thing','Sharon Ventura',2,7,1,1,28,13,1,183,153),(615,'Shocker','Herman Schultz',1,9,9,1,24,13,2,175,79),(616,'Shriek','Frances Louise Barrison',2,34,4,1,1,13,1,173,52),(617,'Shrinking Violet',NULL,2,1,1,1,1,4,1,NULL,NULL),(618,'Sif','Sif',2,7,4,1,7,13,1,188,191),(619,'Silk','-',2,9,4,1,24,13,1,0,0),(620,'Silk Spectre',NULL,2,1,1,1,1,4,1,NULL,NULL),(621,'Silk Spectre II','Laurie Juspeczyk',2,1,1,1,1,4,1,0,0),(622,'Silver Surfer','Norrin Radd',1,31,1,28,2,13,1,193,101),(623,'Silverclaw','Maria de Guadalupe Santiago',2,9,4,1,1,13,1,157,50),(624,'Simon Baz',NULL,1,9,4,1,24,4,1,NULL,NULL),(625,'Sinestro','Thaal Sinestro',1,4,4,23,36,4,3,201,92),(626,'Siren','Hila',2,7,22,1,8,4,2,175,72),(627,'Siren II',NULL,2,4,1,1,1,4,2,NULL,NULL),(628,'Siryn','Theresa Rourke Cassidy',2,7,29,1,1,13,2,168,52),(629,'Skaar','-',1,14,4,1,1,13,1,198,180),(630,'Snake-Eyes',NULL,1,1,1,1,6,13,2,NULL,NULL),(631,'Snowbird','Narya',2,31,6,1,1,13,1,178,49),(632,'Sobek','Yurrd the Unknown',1,31,1,1,1,4,1,0,0),(633,'Solomon Grundy','Cyrus Gold',1,4,31,1,61,4,2,279,437),(634,'Songbird','Melissa Joan Gold',2,14,27,1,1,13,1,165,65),(635,'Space Ghost','Thaddeus Bach',1,1,1,1,24,4,1,188,113),(636,'Spawn','Al Simmons',1,9,4,1,17,10,1,211,405),(637,'Spectre','-',1,31,1,31,21,4,1,0,0),(638,'Speedball',NULL,1,1,1,1,1,13,1,NULL,NULL),(640,'Speedy','Thea Dearden Queen',2,14,9,1,24,4,1,0,0),(641,'Spider-Carnage','Benjamin Reilly',1,1,1,1,52,13,2,0,0),(642,'Spider-Girl','May \'Mayday\' Parker',2,7,9,1,24,13,1,170,54),(643,'Spider-Gwen','Gwendolyne Stacy',2,7,6,1,24,13,1,165,56),(644,'Spider-Man','Peter Benjamin Parker',1,16,9,1,24,13,1,178,74),(646,'Spider-Woman','Jessica Drew',2,14,4,1,24,13,1,178,59),(647,'Spider-Woman II',NULL,2,1,1,1,1,13,1,NULL,NULL),(648,'Spider-Woman III','Martha Franklin',2,9,9,1,1,13,1,173,55),(649,'Spider-Woman IV',NULL,2,23,31,1,1,13,2,178,58),(650,'Spock','-',1,9,4,1,31,20,1,185,81),(651,'Spyke',NULL,1,9,6,1,42,13,1,183,83),(652,'Stacy X',NULL,2,1,1,1,1,13,1,NULL,NULL),(653,'Star-Lord','Peter Jason Quill',1,7,6,1,30,13,1,188,79),(654,'Stardust','-',1,1,1,1,1,13,1,0,0),(655,'Starfire','Koriand\'r',2,14,3,19,54,4,1,193,71),(656,'Stargirl','Courtney Whitmore',2,7,6,1,24,4,1,165,62),(657,'Static','Virgil Ovid Hawkins',1,9,4,1,42,4,1,170,63),(658,'Steel','John Henry Irons',1,9,1,1,24,4,1,201,131),(659,'Stephanie Powell','Stephanie Powell',2,1,6,1,1,2,1,0,0),(660,'Steppenwolf','-',1,23,4,31,44,4,2,183,91),(661,'Storm','Ororo Munroe',2,7,31,1,42,13,1,180,57),(662,'Stormtrooper','-',1,1,1,1,24,5,2,183,0),(663,'Sunspot','Roberto DaCosta',1,9,4,1,42,13,1,173,77),(664,'Superboy','Kon-El / Conner Kent',1,7,4,1,1,4,1,170,68),(665,'Superboy-Prime','Kal-El',1,7,5,1,37,4,2,180,77),(666,'Supergirl','Kara Zor-El',2,7,6,1,37,4,1,165,54),(667,'Superman','Clark Joseph Kent (Kal-El)',1,7,4,1,37,4,1,191,101),(668,'Surtur','-',1,33,23,1,21,13,2,30480,0),(669,'Swamp Thing','Alec Holland',1,23,1,14,21,4,2,0,0),(670,'Swarm','Fritz von Meyer',1,33,1,33,42,13,2,196,47),(671,'Sylar','Gabriel Gray',1,1,1,1,1,15,2,0,0),(672,'Synch','Everett Thomas',1,9,4,1,1,13,1,180,74),(673,'T-1000','Cyberdyne Systems Series 1000 Terminator',1,1,1,28,5,3,2,183,146),(674,'T-800','Cyberdyne Systems Series 800 Terminator Model 101',1,23,1,1,13,3,2,0,176),(675,'T-850','Cyberdyne Systems Series 850 Terminator',1,23,1,1,13,3,2,0,198),(676,'T-X','Cyberdyne Systems Series X Terminator',2,1,1,28,13,3,2,0,149),(677,'Taskmaster','-',1,9,9,1,24,13,2,188,99),(678,'Tempest','Angel Salvadore Bohusk',2,9,4,1,1,13,1,163,54),(679,'Thanos','Thanos',1,23,1,22,18,13,2,201,443),(680,'Thanos (Infinity Gauntlet)','-',1,23,1,1,18,13,2,201,443),(681,'The Cape',NULL,1,1,1,1,1,1,1,NULL,NULL),(682,'The Comedian','Edward Morgen Blake',1,9,4,1,24,4,3,188,101),(683,'The Presence','-',1,1,1,1,21,4,3,0,0),(684,'Thing','Benjamin Jacob Grimm',1,7,1,1,28,13,1,183,225),(685,'Thor','Thor Odinson',1,7,6,1,7,13,1,198,288),(686,'Thor Girl','Tarene',2,7,6,1,7,13,1,175,143),(687,'Thunderbird','John Proudstar',1,9,4,1,1,13,1,185,101),(688,'Thunderbird II',NULL,1,1,1,1,1,13,1,NULL,NULL),(689,'Thunderbird III',NULL,1,9,4,1,1,13,1,175,74),(690,'Thunderstrike','Eric Kevin Masterson',1,7,6,1,1,13,1,198,288),(691,'Thundra','Thundra',2,14,23,1,1,13,1,218,158),(692,'Tiger Shark','Todd Arliss',1,13,1,13,24,13,2,185,203),(693,'Tigra','Greer Grant Nelson',2,14,3,1,1,13,1,178,81),(694,'Tinkerer','Phineas Mason',1,9,31,1,1,13,2,163,54),(695,'Titan',NULL,1,1,1,1,1,7,1,NULL,NULL),(696,'Toad','Mortimer Toynbee',1,4,9,14,42,13,3,175,76),(697,'Toxin',NULL,1,7,9,1,52,13,1,191,117),(698,'Tracy Strauss','Tracy Strauss',2,1,1,1,1,15,1,0,0),(699,'Trickster',NULL,1,7,6,1,24,4,NULL,183,81),(700,'Trigon','-',1,33,4,23,21,4,2,0,0),(701,'Triplicate Girl','Luornu Durgo',2,22,9,1,1,4,1,168,59),(702,'Triton','-',1,14,1,14,34,13,1,188,86),(703,'Two-Face','Harvey Dent',1,1,1,1,1,4,2,183,82),(704,'Ultragirl','Tsu-Zana',2,7,6,1,1,13,1,168,105),(705,'Ultron',NULL,1,23,1,28,5,13,2,206,331),(706,'Utgard-Loki','-',1,7,31,1,20,13,2,1520,58000),(707,'Vagabond',NULL,2,7,29,1,1,13,1,168,54),(708,'Valerie Hart',NULL,2,16,4,1,1,22,1,175,56),(709,'Valkyrie','Brunnhilde',2,7,6,1,1,13,1,191,214),(710,'Vanisher','-',1,14,1,1,1,13,2,165,79),(711,'Vegeta','-',1,1,4,1,49,17,2,168,73),(712,'Venom','Edward Charles Allan Brock',1,7,29,1,52,13,2,191,117),(713,'Venom II','Angelo Fortunato',1,9,4,1,1,13,2,175,50),(714,'Venom III','MacDonald Gargan',1,9,9,1,52,13,2,229,334),(715,'Venompool','-',1,1,1,1,52,13,NULL,226,0),(716,'Vertigo II',NULL,2,7,28,1,1,13,1,168,52),(717,'Vibe','Francisco Paco Ramon',1,9,4,1,24,4,1,178,71),(719,'Vindicator','Heather McNeil Hudson',2,14,23,1,24,13,1,165,54),(720,'Violator','-',1,1,1,1,1,10,2,0,0),(721,'Violet Parr','Violet Parr',2,30,4,1,24,3,1,137,41),(722,'Vision',NULL,1,12,1,23,5,13,1,191,135),(723,'Vision II',NULL,3,23,1,1,1,13,1,191,135),(724,'Vixen','Mari Jiwe McCabe',2,2,4,1,24,4,1,175,63),(725,'Vulcan','Gabriel Summers',1,4,4,1,1,13,1,0,0),(726,'Vulture','Adrian Toomes',1,9,1,1,24,13,2,180,79),(727,'Walrus','Hubert Carpent',1,7,4,1,24,13,2,183,162),(728,'War Machine','James Rupert Rhodes',1,9,9,1,24,13,1,185,95),(729,'Warbird',NULL,2,7,6,1,1,13,1,180,54),(730,'Warlock','Adam Warlock',1,23,6,1,1,13,1,188,108),(731,'Warp','Emil LaSalle',1,9,4,1,1,4,2,173,67),(732,'Warpath','James Proudstar',1,9,4,1,42,13,1,218,158),(733,'Wasp','Janet Van Dyne',2,7,3,1,24,13,1,163,50),(734,'Watcher','Uatu',1,1,1,1,1,13,1,0,0),(735,'Weapon XI','Weapon XI',1,1,1,1,1,13,2,0,0),(736,'White Canary','-',2,9,4,1,24,4,2,0,0),(737,'White Queen','Emma Grace Frost',2,7,6,1,1,13,1,178,65),(738,'Wildfire','Drake Burroughs',1,1,1,1,1,4,1,0,0),(739,'Winter Soldier',NULL,1,9,9,1,24,13,1,175,117),(740,'Wiz Kid',NULL,3,9,4,1,1,13,1,140,39),(741,'Wolfsbane','Rahne Sinclair',2,14,3,1,1,13,1,366,473),(742,'Wolverine','James Howlett',1,7,4,1,42,13,1,160,135),(743,'Wonder Girl','Cassandra Elizabeth Sandsmark',2,7,6,1,16,4,1,165,51),(744,'Wonder Man','Simon Williams',1,23,4,1,1,13,1,188,171),(745,'Wonder Woman','Diana of Themyscira',2,7,4,1,4,4,1,183,74),(746,'Wondra',NULL,2,1,1,1,1,13,1,NULL,NULL),(747,'Wyatt Wingfoot','Wyatt Wingfoot',1,9,4,1,1,13,1,196,117),(748,'X-23','Laura Kinney',2,14,4,1,43,13,1,155,50),(749,'X-Man','Nate Grey',1,7,9,1,1,13,1,175,61),(750,'Yellow Claw',NULL,1,7,1,1,1,13,2,188,95),(751,'Yellowjacket',NULL,1,7,6,1,24,13,1,183,83),(752,'Yellowjacket II','Rita DeMara',2,7,29,1,24,13,1,165,52),(753,'Ymir','Ymir',1,31,1,31,20,13,1,30480,0),(754,'Yoda','Yoda',1,9,31,14,59,5,1,66,17),(755,'Zatanna',NULL,2,7,4,1,24,4,1,170,57),(756,'Zoom','Hunter Zolomon',1,23,9,1,1,4,2,185,81);


CREATE TABLE superpower (
  id INT NOT NULL,
  power_name VARCHAR(200) DEFAULT NULL,
  PRIMARY KEY (id)
);

INSERT INTO superpower VALUES (1,'Agility'),(2,'Accelerated Healing'),(3,'Lantern Power Ring'),(4,'Dimensional Awareness'),(5,'Cold Resistance'),(6,'Durability'),(7,'Stealth'),(8,'Energy Absorption'),(9,'Flight'),(10,'Danger Sense'),(11,'Underwater breathing'),(12,'Marksmanship'),(13,'Weapons Master'),(14,'Power Augmentation'),(15,'Animal Attributes'),(16,'Longevity'),(17,'Intelligence'),(18,'Super Strength'),(19,'Cryokinesis'),(20,'Telepathy'),(21,'Energy Armor'),(22,'Energy Blasts'),(23,'Duplication'),(24,'Size Changing'),(25,'Density Control'),(26,'Stamina'),(27,'Astral Travel'),(28,'Audio Control'),(29,'Dexterity'),(30,'Omnitrix'),(31,'Super Speed'),(32,'Possession'),(33,'Animal Oriented Powers'),(34,'Weapon-based Powers'),(35,'Electrokinesis'),(36,'Darkforce Manipulation'),(37,'Death Touch'),(38,'Teleportation'),(39,'Enhanced Senses'),(40,'Telekinesis'),(41,'Energy Beams'),(42,'Magic'),(43,'Hyperkinesis'),(44,'Jump'),(45,'Clairvoyance'),(46,'Dimensional Travel'),(47,'Power Sense'),(48,'Shapeshifting'),(49,'Peak Human Condition'),(50,'Immortality'),(51,'Camouflage'),(52,'Element Control'),(53,'Phasing'),(54,'Astral Projection'),(55,'Electrical Transport'),(56,'Fire Control'),(57,'Projection'),(58,'Summoning'),(59,'Enhanced Memory'),(60,'Reflexes'),(61,'Invulnerability'),(62,'Energy Constructs'),(63,'Force Fields'),(64,'Self-Sustenance'),(65,'Anti-Gravity'),(66,'Empathy'),(67,'Power Nullifier'),(68,'Radiation Control'),(69,'Psionic Powers'),(70,'Elasticity'),(71,'Substance Secretion'),(72,'Elemental Transmogrification'),(73,'Technopath/Cyberpath'),(74,'Photographic Reflexes'),(75,'Seismic Power'),(76,'Animation'),(77,'Precognition'),(78,'Mind Control'),(79,'Fire Resistance'),(80,'Power Absorption'),(81,'Enhanced Hearing'),(82,'Nova Force'),(83,'Insanity'),(84,'Hypnokinesis'),(85,'Animal Control'),(86,'Natural Armor'),(87,'Intangibility'),(88,'Enhanced Sight'),(89,'Molecular Manipulation'),(90,'Heat Generation'),(91,'Adaptation'),(92,'Gliding'),(93,'Power Suit'),(94,'Mind Blast'),(95,'Probability Manipulation'),(96,'Gravity Control'),(97,'Regeneration'),(98,'Light Control'),(99,'Echolocation'),(100,'Levitation'),(101,'Toxin and Disease Control'),(102,'Banish'),(103,'Energy Manipulation'),(104,'Heat Resistance'),(105,'Natural Weapons'),(106,'Time Travel'),(107,'Enhanced Smell'),(108,'Illusions'),(109,'Thirstokinesis'),(110,'Hair Manipulation'),(111,'Illumination'),(112,'Omnipotent'),(113,'Cloaking'),(114,'Changing Armor'),(115,'Power Cosmic'),(116,'Biokinesis'),(117,'Water Control'),(118,'Radiation Immunity'),(119,'Vision - Telescopic'),(120,'Toxin and Disease Resistance'),(121,'Spatial Awareness'),(122,'Energy Resistance'),(123,'Telepathy Resistance'),(124,'Molecular Combustion'),(125,'Omnilingualism'),(126,'Portal Creation'),(127,'Magnetism'),(128,'Mind Control Resistance'),(129,'Plant Control'),(130,'Sonar'),(131,'Sonic Scream'),(132,'Time Manipulation'),(133,'Enhanced Touch'),(134,'Magic Resistance'),(135,'Invisibility'),(136,'Sub-Mariner'),(137,'Radiation Absorption'),(138,'Intuitive aptitude'),(139,'Vision - Microscopic'),(140,'Melting'),(141,'Wind Control'),(142,'Super Breath'),(143,'Wallcrawling'),(144,'Vision - Night'),(145,'Vision - Infrared'),(146,'Grim Reaping'),(147,'Matter Absorption'),(148,'The Force'),(149,'Resurrection'),(150,'Terrakinesis'),(151,'Vision - Heat'),(152,'Vitakinesis'),(153,'Radar Sense'),(154,'Qwardian Power Ring'),(155,'Weather Control'),(156,'Vision - X-Ray'),(157,'Vision - Thermal'),(158,'Web Creation'),(159,'Reality Warping'),(160,'Odin Force'),(161,'Symbiote Costume'),(162,'Speed Force'),(163,'Phoenix Force'),(164,'Molecular Dissipation'),(165,'Vision - Cryo'),(166,'Omnipresent'),(167,'Omniscient');
