/*
Customer Data Insert

Inserts data into a few customer-related tables
*/

DELETE FROM customer_address;
DELETE FROM country;
DELETE FROM customer_phone_number;
DELETE FROM customer;


INSERT INTO customer (id, first_name, last_name, email, created_at, updated_at) VALUES
(1, 'Olivia', 'Turner', 'olivia.turner@example.com', '2023-01-12 09:42:11', '2023-04-03 16:12:32'),
(2, 'Ethan', 'Walker', 'ethan.walker@example.com', '2023-01-28 13:05:22', '2023-03-01 09:14:17'),
(3, 'Sophia', 'Nguyen', 'sophia.nguyen@example.com', '2023-02-07 10:58:19', '2023-02-07 10:58:19'),
(4, 'Liam', 'Rodriguez', 'liam.rodriguez@example.com', '2023-02-18 19:21:44', '2023-04-22 11:09:01'),
(5, 'Isabella', 'Brown', 'isabella.brown@example.com', '2023-03-04 15:33:07', '2023-03-04 15:33:07'),
(6, 'Noah', 'Kumar', 'noah.kumar@example.com', '2023-03-15 11:47:29', '2023-05-27 08:22:44'),
(7, 'Mia', 'Johnson', 'mia.johnson@example.com', '2023-04-05 09:11:06', '2023-04-05 09:11:06'),
(8, 'James', 'Wong', 'james.wong@example.com', '2023-04-18 20:02:33', '2023-06-01 14:49:08'),
(9, 'Ava', 'Clark', 'ava.clark@example.com', '2023-05-03 07:44:10', '2023-05-03 07:44:10'),
(10, 'Lucas', 'Martinez', 'lucas.martinez@example.com', '2023-05-21 17:29:58', '2023-07-12 10:06:33'),
(11, 'Harper', 'Lee', 'harper.lee@example.com', '2023-06-08 12:04:55', '2023-06-08 12:04:55'),
(12, 'Benjamin', 'Patel', 'benjamin.patel@example.com', '2023-06-20 18:56:39', '2023-08-14 13:45:00'),
(13, 'Ella', 'Harris', 'ella.harris@example.com', '2023-07-03 09:33:27', '2023-07-03 09:33:27'),
(14, 'Henry', 'Adams', 'henry.adams@example.com', '2023-07-16 16:50:42', '2023-08-02 10:28:39'),
(15, 'Amelia', 'Kim', 'amelia.kim@example.com', '2023-07-28 11:10:14', '2023-07-28 11:10:14'),
(16, 'Elijah', 'Scott', 'elijah.scott@example.com', '2023-08-09 13:02:40', '2023-09-12 15:42:25'),
(17, 'Charlotte', 'Murphy', 'charlotte.murphy@example.com', '2023-08-23 08:33:59', '2023-08-23 08:33:59'),
(18, 'William', 'Singh', 'william.singh@example.com', '2023-09-04 10:55:01', '2023-09-04 10:55:01'),
(19, 'Evelyn', 'Lopez', 'evelyn.lopez@example.com', '2023-09-15 18:47:21', '2023-10-19 09:30:12'),
(20, 'Alexander', 'Hall', 'alexander.hall@example.com', '2023-09-29 07:31:42', '2023-09-29 07:31:42'),
(21, 'Grace', 'Rivera', 'grace.rivera@example.com', '2023-10-10 11:09:26', '2023-11-15 16:19:40'),
(22, 'Michael', 'Chavez', 'michael.chavez@example.com', '2023-10-25 15:55:33', '2023-12-03 08:22:14'),
(23, 'Abigail', 'Bennett', 'abigail.bennett@example.com', '2023-11-12 09:13:57', '2023-11-12 09:13:57'),
(24, 'Daniel', 'Perez', 'daniel.perez@example.com', '2023-12-01 14:41:00', '2023-12-28 10:15:21'),
(25, 'Sofia', 'Mitchell', 'sofia.mitchell@example.com', '2023-12-16 20:58:04', '2023-12-16 20:58:04'),
(26, 'Matthew', 'Hill', 'matthew.hill@example.com', '2024-01-03 13:17:09', '2024-01-03 13:17:09'),
(27, 'Scarlett', 'Gonzalez', 'scarlett.gonzalez@example.com', '2024-01-18 09:59:33', '2024-03-04 15:23:12'),
(28, 'Sebastian', 'Young', 'sebastian.young@example.com', '2024-02-05 10:22:14', '2024-04-20 12:50:58'),
(29, 'Victoria', 'Allen', 'victoria.allen@example.com', '2024-02-21 16:38:45', '2024-02-21 16:38:45'),
(30, 'Jack', 'King', 'jack.king@example.com', '2024-03-03 18:15:27', '2024-05-10 08:47:11'),
(31, 'Layla', 'Torres', 'layla.torres@example.com', '2024-03-16 08:11:04', '2024-03-16 08:11:04'),
(32, 'Henry', 'Baker', 'henry.baker@example.com', '2024-04-02 17:52:38', '2024-04-02 17:52:38'),
(33, 'Zoe', 'Gray', 'zoe.gray@example.com', '2024-04-19 13:06:12', '2024-05-12 11:19:24'),
(34, 'Joseph', 'Hughes', 'joseph.hughes@example.com', '2024-05-08 10:22:43', '2024-05-08 10:22:43'),
(35, 'Nora', 'Diaz', 'nora.diaz@example.com', '2024-05-25 11:45:09', '2024-05-25 11:45:09'),
(36, 'David', 'Ward', 'david.ward@example.com', '2024-06-10 08:03:34', '2024-07-14 12:09:48'),
(37, 'Lily', 'Carter', 'lily.carter@example.com', '2024-06-27 15:12:07', '2024-06-27 15:12:07'),
(38, 'Owen', 'Evans', 'owen.evans@example.com', '2024-07-14 09:44:29', '2024-08-25 10:19:55'),
(39, 'Hannah', 'Garcia', 'hannah.garcia@example.com', '2024-07-30 17:28:56', '2024-07-30 17:28:56'),
(40, 'Samuel', 'Wood', 'samuel.wood@example.com', '2024-08-15 13:55:11', '2024-09-01 09:22:32'),
(41, 'Emily', 'Nelson', 'emily.nelson@example.com', '2024-08-31 12:10:00', '2024-10-11 15:03:44'),
(42, 'Logan', 'Coleman', 'logan.coleman@example.com', '2024-09-16 14:44:39', '2024-09-16 14:44:39'),
(43, 'Aria', 'Sanchez', 'aria.sanchez@example.com', '2024-10-05 10:09:28', '2024-10-05 10:09:28'),
(44, 'Jacob', 'Price', 'jacob.price@example.com', '2024-10-25 08:20:47', '2024-11-12 09:10:15'),
(45, 'Chloe', 'Bailey', 'chloe.bailey@example.com', '2024-11-10 11:18:35', '2024-11-10 11:18:35'),
(46, 'Luke', 'Watson', 'luke.watson@example.com', '2024-12-01 10:44:56', '2025-01-08 17:00:41'),
(47, 'Penelope', 'Cooper', 'penelope.cooper@example.com', '2025-01-18 09:51:13', '2025-01-18 09:51:13'),
(48, 'Isaac', 'Perry', 'isaac.perry@example.com', '2025-02-04 08:22:29', '2025-02-04 08:22:29'),
(49, 'Ellie', 'Bell', 'ellie.bell@example.com', '2025-03-12 12:41:33', '2025-04-16 10:30:22'),
(50, 'Nathan', 'Foster', 'nathan.foster@example.com', '2025-04-30 15:20:09', '2025-04-30 15:20:09');



INSERT INTO customer_phone_number (id, customer_id, phone_number, is_default, created_at) VALUES
(1, 1, '+1-202-555-0143', true, '2023-01-12 10:02:11'),
(2, 2, '+44 7400 123456', true, '2023-01-28 14:05:22'),
(3, 3, '+1-415-555-0188', true, '2023-02-07 11:08:19'),
(4, 3, '+1-415-555-0179', false, '2023-02-09 09:44:55'),
(5, 4, '+61 412 555 318', true, '2023-02-18 20:01:44'),
(6, 5, '+1-312-555-0125', true, '2023-03-04 15:40:10'),
(7, 5, '+1-312-555-0190', false, '2023-03-05 08:11:33'),
(8, 6, '+91 98765 43210', true, '2023-03-15 12:00:29'),
(9, 7, '+44 7921 456789', true, '2023-04-05 09:21:06'),
(10, 9, '+1-646-555-0148', true, '2023-05-03 08:10:10'),
(11, 10, '+1-213-555-0176', true, '2023-05-21 17:39:58'),
(12, 10, '+1-213-555-0193', false, '2023-06-10 12:19:43'),
(13, 11, '+61 423 555 194', true, '2023-06-08 12:10:55'),
(14, 12, '+91 98100 77654', true, '2023-06-20 19:16:39'),
(15, 13, '+1-202-555-0114', true, '2023-07-03 09:43:27'),
(16, 14, '+44 7500 989877', true, '2023-07-16 17:10:42'),
(17, 14, '+44 203 555 4488', false, '2023-07-18 09:00:22'),
(18, 15, '+61 401 555 020', true, '2023-07-28 11:22:14'),
(19, 16, '+1-917-555-0160', true, '2023-08-09 13:09:40'),
(20, 17, '+44 7980 123987', true, '2023-08-23 08:44:59'),
(21, 18, '+91 99900 34567', true, '2023-09-04 10:59:01'),
(22, 19, '+1-312-555-0151', true, '2023-09-15 19:00:21'),
(23, 20, '+1-646-555-0197', true, '2023-09-29 07:41:42'),
(24, 21, '+44 7802 667788', true, '2023-10-10 11:19:26'),
(25, 22, '+1-415-555-0168', true, '2023-10-25 15:59:33'),
(26, 22, '+1-415-555-0199', false, '2023-11-01 09:14:22'),
(27, 23, '+61 425 555 265', true, '2023-11-12 09:23:57'),
(28, 24, '+44 7402 555001', true, '2023-12-01 14:51:00'),
(29, 25, '+1-718-555-0110', true, '2023-12-16 21:08:04'),
(30, 26, '+1-917-555-0175', true, '2024-01-03 13:21:09'),
(31, 27, '+61 430 555 919', true, '2024-01-18 10:09:33'),
(32, 28, '+91 98110 22765', true, '2024-02-05 10:32:14'),
(33, 29, '+1-202-555-0155', true, '2024-02-21 16:48:45'),
(34, 30, '+44 7508 432112', true, '2024-03-03 18:30:27'),
(35, 30, '+44 207 555 0100', false, '2024-03-04 09:59:13'),
(36, 31, '+61 417 555 144', true, '2024-03-16 08:21:04'),
(37, 32, '+1-415-555-0123', true, '2024-04-02 17:59:38'),
(38, 33, '+44 7999 555002', true, '2024-04-19 13:16:12'),
(39, 34, '+1-718-555-0198', true, '2024-05-08 10:35:43'),
(40, 34, '+1-718-555-0120', false, '2024-05-09 14:11:00'),
(41, 35, '+61 402 555 189', true, '2024-05-25 11:50:09'),
(42, 36, '+44 7928 111333', true, '2024-06-10 08:13:34'),
(43, 37, '+1-917-555-0158', true, '2024-06-27 15:19:07'),
(44, 37, '+1-917-555-0184', false, '2024-06-30 09:45:26'),
(45, 38, '+91 99222 76543', true, '2024-07-14 09:55:29'),
(46, 39, '+44 7901 456222', true, '2024-07-30 17:38:56'),
(47, 40, '+1-312-555-0179', true, '2024-08-15 13:59:11'),
(48, 41, '+61 430 555 478', true, '2024-08-31 12:18:00'),
(49, 41, '+61 430 555 479', false, '2024-09-02 09:17:22'),
(50, 42, '+1-213-555-0186', true, '2024-09-16 14:54:39'),
(51, 43, '+44 7810 555773', true, '2024-10-05 10:19:28'),
(52, 44, '+61 410 555 650', true, '2024-10-25 08:30:47'),
(53, 44, '+61 410 555 651', false, '2024-10-28 14:19:55'),
(54, 45, '+91 99909 22110', true, '2024-11-10 11:28:35'),
(55, 46, '+1-646-555-0105', true, '2024-12-01 10:49:56'),
(56, 46, '+1-646-555-0173', false, '2025-01-02 12:25:43'),
(57, 47, '+44 7405 321654', true, '2025-01-18 10:02:13'),
(58, 48, '+61 403 555 232', true, '2025-02-04 08:32:29'),
(59, 48, '+61 403 555 233', false, '2025-02-06 11:19:40'),
(60, 49, '+91 98760 55511', true, '2025-03-12 12:51:33'),
(61, 50, '+1-202-555-0117', true, '2025-04-30 15:30:09'),
(62, 2, '+1-202-555-0192', false, '2023-02-02 09:40:33'),
(63, 8, '+61 431 555 555', true, '2023-04-18 20:09:33'),
(64, 11, '+44 7950 667100', false, '2023-06-10 09:40:12'),
(65, 13, '+91 98111 77543', false, '2023-07-04 09:33:27'),
(66, 16, '+1-917-555-0191', false, '2023-09-10 10:09:40'),
(67, 17, '+61 429 555 902', false, '2023-08-24 11:00:59'),
(68, 20, '+44 7010 444777', false, '2023-10-11 09:22:42'),
(69, 21, '+44 7011 555222', false, '2023-10-12 12:09:26'),
(70, 23, '+1-213-555-0157', false, '2023-11-13 10:23:57'),
(71, 24, '+61 421 555 310', false, '2023-12-02 14:51:00'),
(72, 25, '+1-917-555-0182', false, '2023-12-18 09:11:04'),
(73, 28, '+91 98122 77100', false, '2024-02-06 09:32:14'),
(74, 29, '+44 7456 987654', false, '2024-02-22 16:48:45'),
(75, 32, '+1-415-555-0161', false, '2024-04-05 17:59:38'),
(76, 33, '+44 7999 555003', false, '2024-04-20 13:16:12'),
(77, 38, '+91 99222 76544', false, '2024-07-16 09:55:29'),
(78, 40, '+1-312-555-0124', false, '2024-08-16 13:59:11'),
(79, 42, '+61 410 555 111', false, '2024-09-17 14:54:39'),
(80, 45, '+44 7878 555981', false, '2024-11-12 11:28:35');



INSERT INTO country (id, country_name) VALUES
(1, 'United States'),
(2, 'United Kingdom'),
(3, 'Australia'),
(4, 'India'),
(5, 'Canada'),
(6, 'Afghanistan'),
(7, 'Albania'),
(8, 'Algeria'),
(9, 'Andorra'),
(10, 'Angola'),
(11, 'Antigua and Barbuda'),
(12, 'Argentina'),
(13, 'Armenia'),
(14, 'Austria'),
(15, 'Azerbaijan'),
(16, 'Bahamas'),
(17, 'Bahrain'),
(18, 'Bangladesh'),
(19, 'Barbados'),
(20, 'Belarus'),
(21, 'Belgium'),
(22, 'Belize'),
(23, 'Benin'),
(24, 'Bhutan'),
(25, 'Bolivia'),
(26, 'Bosnia and Herzegovina'),
(27, 'Botswana'),
(28, 'Brazil'),
(29, 'Brunei Darussalam'),
(30, 'Bulgaria'),
(31, 'Burkina Faso'),
(32, 'Burundi'),
(33, 'Cabo Verde'),
(34, 'Cambodia'),
(35, 'Cameroon'),
(36, 'Central African Republic'),
(37, 'Chad'),
(38, 'Chile'),
(39, 'China'),
(40, 'Colombia'),
(41, 'Comoros'),
(42, 'Congo (Republic of the)'),
(43, 'Congo (Democratic Republic of the)'),
(44, 'Costa Rica'),
(45, 'Croatia'),
(46, 'Cuba'),
(47, 'Cyprus'),
(48, 'Czechia'),
(49, 'Denmark'),
(50, 'Djibouti'),
(51, 'Dominica'),
(52, 'Dominican Republic'),
(53, 'Ecuador'),
(54, 'Egypt'),
(55, 'El Salvador'),
(56, 'Equatorial Guinea'),
(57, 'Eritrea'),
(58, 'Estonia'),
(59, 'Eswatini'),
(60, 'Ethiopia'),
(61, 'Fiji'),
(62, 'Finland'),
(63, 'France'),
(64, 'Gabon'),
(65, 'Gambia'),
(66, 'Georgia'),
(67, 'Germany'),
(68, 'Ghana'),
(69, 'Greece'),
(70, 'Grenada'),
(71, 'Guatemala'),
(72, 'Guinea'),
(73, 'Guinea-Bissau'),
(74, 'Guyana'),
(75, 'Haiti'),
(76, 'Honduras'),
(77, 'Hungary'),
(78, 'Iceland'),
(79, 'Indonesia'),
(80, 'Iran'),
(81, 'Iraq'),
(82, 'Ireland'),
(83, 'Israel'),
(84, 'Italy'),
(85, 'Jamaica'),
(86, 'Japan'),
(87, 'Jordan'),
(88, 'Kazakhstan'),
(89, 'Kenya'),
(90, 'Kiribati'),
(91, 'Kuwait'),
(92, 'Kyrgyzstan'),
(93, 'Laos'),
(94, 'Latvia'),
(95, 'Lebanon'),
(96, 'Lesotho'),
(97, 'Liberia'),
(98, 'Libya'),
(99, 'Liechtenstein'),
(100, 'Lithuania'),
(101, 'Luxembourg'),
(102, 'Madagascar'),
(103, 'Malawi'),
(104, 'Malaysia'),
(105, 'Maldives'),
(106, 'Mali'),
(107, 'Malta'),
(108, 'Marshall Islands'),
(109, 'Mauritania'),
(110, 'Mauritius'),
(111, 'Mexico'),
(112, 'Micronesia'),
(113, 'Moldova'),
(114, 'Monaco'),
(115, 'Mongolia'),
(116, 'Montenegro'),
(117, 'Morocco'),
(118, 'Mozambique'),
(119, 'Myanmar'),
(120, 'Namibia'),
(121, 'Nauru'),
(122, 'Nepal'),
(123, 'Netherlands'),
(124, 'New Zealand'),
(125, 'Nicaragua'),
(126, 'Niger'),
(127, 'Nigeria'),
(128, 'North Korea'),
(129, 'North Macedonia'),
(130, 'Norway'),
(131, 'Oman'),
(132, 'Pakistan'),
(133, 'Palau'),
(134, 'Palestine'),
(135, 'Panama'),
(136, 'Papua New Guinea'),
(137, 'Paraguay'),
(138, 'Peru'),
(139, 'Philippines'),
(140, 'Poland'),
(141, 'Portugal'),
(142, 'Qatar'),
(143, 'Romania'),
(144, 'Russia'),
(145, 'Rwanda'),
(146, 'Saint Kitts and Nevis'),
(147, 'Saint Lucia'),
(148, 'Saint Vincent and the Grenadines'),
(149, 'Samoa'),
(150, 'San Marino'),
(151, 'Sao Tome and Principe'),
(152, 'Saudi Arabia'),
(153, 'Senegal'),
(154, 'Serbia'),
(155, 'Seychelles'),
(156, 'Sierra Leone'),
(157, 'Singapore'),
(158, 'Slovakia'),
(159, 'Slovenia'),
(160, 'Solomon Islands'),
(161, 'Somalia'),
(162, 'South Africa'),
(163, 'South Korea'),
(164, 'South Sudan'),
(165, 'Spain'),
(166, 'Sri Lanka'),
(167, 'Sudan'),
(168, 'Suriname'),
(169, 'Sweden'),
(170, 'Switzerland'),
(171, 'Syria'),
(172, 'Taiwan'),
(173, 'Tajikistan'),
(174, 'Tanzania'),
(175, 'Thailand'),
(176, 'Timor-Leste'),
(177, 'Togo'),
(178, 'Tonga'),
(179, 'Trinidad and Tobago'),
(180, 'Tunisia'),
(181, 'Turkey'),
(182, 'Turkmenistan'),
(183, 'Tuvalu'),
(184, 'Uganda'),
(185, 'Ukraine'),
(186, 'United Arab Emirates'),
(187, 'Uruguay'),
(188, 'Uzbekistan'),
(189, 'Vanuatu'),
(190, 'Vatican City'),
(191, 'Venezuela'),
(192, 'Vietnam'),
(193, 'Yemen'),
(194, 'Zambia'),
(195, 'Zimbabwe');



INSERT INTO customer_address
(id, customer_id, address_line1, address_line2, city, state_region, postal_code, country_id, is_default, valid_from, valid_to, created_at)
VALUES
-- Single-address customers (active, default)
(1, 1, '145 Maple Street', NULL, 'Boston', 'MA', '02118', 1, true, '2023-01-12 09:42:11', NULL, '2023-01-12 09:42:11'),
(2, 2, '22 Baker Street', 'Apt 4B', 'London', NULL, 'W1U 3BW', 2, true, '2023-01-28 13:05:22', NULL, '2023-01-28 13:05:22'),
(3, 4, '7 King Street', NULL, 'Sydney', 'NSW', '2000', 3, true, '2023-02-18 19:21:44', NULL, '2023-02-18 19:21:44'),
(4, 6, 'B-23 Green Park', NULL, 'New Delhi', 'DL', '110016', 4, true, '2023-03-15 11:47:29', NULL, '2023-03-15 11:47:29'),
(5, 7, '11 Regent Street', NULL, 'Manchester', NULL, 'M2 5BA', 2, true, '2023-04-05 09:11:06', NULL, '2023-04-05 09:11:06'),
(6, 9, '501 Lexington Ave', 'Apt 6C', 'New York', 'NY', '10017', 1, true, '2023-05-03 07:44:10', NULL, '2023-05-03 07:44:10'),
(7, 11, '22 George Street', NULL, 'Melbourne', 'VIC', '3000', 3, true, '2023-06-08 12:04:55', NULL, '2023-06-08 12:04:55'),
(8, 13, '902 F Street NW', NULL, 'Washington', 'DC', '20004', 1, true, '2023-07-03 09:33:27', NULL, '2023-07-03 09:33:27'),
(9, 15, '85 Pitt Street', NULL, 'Sydney', 'NSW', '2000', 3, true, '2023-07-28 11:10:14', NULL, '2023-07-28 11:10:14'),
(10, 17, '9 Elm Street', NULL, 'Glasgow', NULL, 'G1 2AB', 2, true, '2023-08-23 08:33:59', NULL, '2023-08-23 08:33:59'),
(11, 21, '14 Kensington Gardens', NULL, 'London', NULL, 'SW7 4QP', 2, true, '2023-10-10 11:09:26', NULL, '2023-10-10 11:09:26'),
(12, 23, '45 Little Collins Street', NULL, 'Melbourne', 'VIC', '3000', 3, true, '2023-11-12 09:13:57', NULL, '2023-11-12 09:13:57'),
(13, 26, '19 Queen Street', NULL, 'Edinburgh', NULL, 'EH2 1JX', 2, true, '2023-12-01 14:41:00', NULL, '2023-12-01 14:41:00'),
(14, 28, '607 8th Avenue', NULL, 'Seattle', 'WA', '98104', 1, true, '2024-01-03 13:17:09', NULL, '2024-01-03 13:17:09'),
(15, 33, '9 Downing Street', NULL, 'London', NULL, 'SW1A 2AA', 2, true, '2024-04-19 13:06:12', NULL, '2024-04-19 13:06:12'),
(16, 35, '14 Bridge Street', NULL, 'Perth', 'WA', '6000', 3, true, '2024-05-25 11:45:09', NULL, '2024-05-25 11:45:09'),
(17, 39, '4 Queen Street', NULL, 'Liverpool', NULL, 'L1 1RH', 2, true, '2024-07-30 17:28:56', NULL, '2024-07-30 17:28:56'),
(18, 40, '251 Michigan Ave', NULL, 'Chicago', 'IL', '60611', 1, true, '2024-08-15 13:55:11', NULL, '2024-08-15 13:55:11'),
(19, 42, '59 Kent Street', NULL, 'Sydney', 'NSW', '2000', 3, true, '2024-09-16 14:44:39', NULL, '2024-09-16 14:44:39'),
(20, 43, '87 Albert Road', NULL, 'London', NULL, 'SW19 8BU', 2, true, '2024-10-05 10:09:28', NULL, '2024-10-05 10:09:28'),
(21, 45, 'E-101 South City', NULL, 'Gurgaon', 'HR', '122001', 4, true, '2024-11-10 11:18:35', NULL, '2024-11-10 11:18:35'),
(22, 48, '27 Little Bourke Street', NULL, 'Melbourne', 'VIC', '3000', 3, true, '2025-02-04 08:22:29', NULL, '2025-02-04 08:22:29'),
(23, 50, '412 5th Street SE', NULL, 'Washington', 'DC', '20003', 1, true, '2025-04-30 15:20:09', NULL, '2025-04-30 15:20:09'),

-- Two-address customers (first = old, not default, has valid_to; second = current, default)
(24, 3, '3012 Mission Street', NULL, 'San Francisco', 'CA', '94110', 1, false, '2023-02-07 10:58:19', '2024-02-10 09:11:00', '2023-02-07 10:58:19'),
(25, 3, '812 Castro Street', NULL, 'San Francisco', 'CA', '94114', 1, true, '2024-02-10 09:11:00', NULL, '2024-02-10 09:11:00'),

(26, 5, '240 N Michigan Ave', 'Suite 300', 'Chicago', 'IL', '60601', 1, false, '2023-03-04 15:33:07', '2023-12-01 09:00:00', '2023-03-04 15:33:07'),
(27, 5, '930 W Randolph Street', NULL, 'Chicago', 'IL', '60607', 1, true, '2023-12-01 09:00:00', NULL, '2023-12-01 09:00:00'),

(28, 10, '410 W 8th Street', NULL, 'Los Angeles', 'CA', '90014', 1, false, '2023-05-21 17:29:58', '2024-06-15 11:00:00', '2023-05-21 17:29:58'),
(29, 10, '1325 Sunset Blvd', NULL, 'Los Angeles', 'CA', '90026', 1, true, '2024-06-15 11:00:00', NULL, '2024-06-15 11:00:00'),

(30, 12, '99 MG Road', NULL, 'Bengaluru', 'KA', '560001', 4, false, '2023-09-01 09:00:00', '2024-06-01 09:00:00', '2023-09-01 09:00:00'),
(31, 12, '18 Residency Road', 'Block D', 'Bengaluru', 'KA', '560025', 4, true, '2024-06-01 09:00:00', NULL, '2024-06-01 09:00:00'),

(32, 14, '15 Park Avenue', NULL, 'London', NULL, 'N1 2PW', 2, false, '2023-07-16 16:50:42', '2024-07-10 10:00:00', '2023-07-16 16:50:42'),
(33, 14, '102 Camden High Street', NULL, 'London', NULL, 'NW1 7JN', 2, true, '2024-07-10 10:00:00', NULL, '2024-07-10 10:00:00'),

(34, 16, '215 9th Avenue', 'Unit 11', 'New York', 'NY', '10011', 1, false, '2023-08-09 13:02:40', '2024-05-20 09:00:00', '2023-08-09 13:02:40'),
(35, 16, '455 W 34th Street', 'Apt 7C', 'New York', 'NY', '10001', 1, true, '2024-05-20 09:00:00', NULL, '2024-05-20 09:00:00'),

(36, 18, 'C-22 Sector 50', NULL, 'Noida', 'UP', '201301', 4, false, '2024-01-01 09:00:00', '2024-07-01 09:00:00', '2024-01-01 09:00:00'),
(37, 18, 'A-45 Sector 22', NULL, 'Chandigarh', NULL, '160022', 4, true, '2024-07-01 09:00:00', NULL, '2024-07-01 09:00:00'),

(38, 20, '50 Wall Street', NULL, 'New York', 'NY', '10005', 1, false, '2023-10-01 09:00:00', '2024-06-01 09:00:00', '2023-10-01 09:00:00'),
(39, 20, '1123 Broadway', NULL, 'New York', 'NY', '10010', 1, true, '2024-06-01 09:00:00', NULL, '2024-06-01 09:00:00'),

(40, 22, '990 Market Street', NULL, 'San Francisco', 'CA', '94102', 1, false, '2023-10-25 15:55:33', '2024-05-01 08:00:00', '2023-10-25 15:55:33'),
(41, 22, '1885 Mission Street', NULL, 'San Francisco', 'CA', '94103', 1, true, '2024-05-01 08:00:00', NULL, '2024-05-01 08:00:00'),

(42, 24, '90 Long Acre', NULL, 'London', NULL, 'WC2E 9RZ', 2, false, '2024-02-01 09:00:00', '2024-10-01 09:00:00', '2024-02-01 09:00:00'),
(43, 24, '14 Kensington Gardens', NULL, 'London', NULL, 'SW7 4QP', 2, true, '2024-10-01 09:00:00', NULL, '2024-10-01 09:00:00'),

(44, 25, '425 Broadway', 'Apt 8A', 'New York', 'NY', '10013', 1, false, '2023-12-16 20:58:04', '2024-08-15 09:00:00', '2023-12-16 20:58:04'),
(45, 25, '100 Main Street', 'Suite 220', 'New York', 'NY', '10001', 1, true, '2024-08-15 09:00:00', NULL, '2024-08-15 09:00:00'),

(46, 29, '33 York Street', NULL, 'Sydney', 'NSW', '2000', 3, false, '2024-01-18 09:59:33', '2024-11-20 09:00:00', '2024-01-18 09:59:33'),
(47, 29, '12 Clarence Street', 'Unit 5', 'Sydney', 'NSW', '2000', 3, true, '2024-11-20 09:00:00', NULL, '2024-11-20 09:00:00'),

(48, 30, '45 High Street', NULL, 'Birmingham', NULL, 'B4 7SL', 2, false, '2024-03-03 18:15:27', '2024-09-01 09:00:00', '2024-03-03 18:15:27'),
(49, 30, '11 Colmore Row', 'Apt 2D', 'Birmingham', NULL, 'B3 2BJ', 2, true, '2024-09-01 09:00:00', NULL, '2024-09-01 09:00:00'),

(50, 32, '1509 Lombard Street', NULL, 'San Francisco', 'CA', '94123', 1, false, '2024-04-02 17:52:38', '2024-12-05 09:00:00', '2024-04-02 17:52:38'),
(51, 32, '45 Powell Street', NULL, 'San Francisco', 'CA', '94102', 1, true, '2024-12-05 09:00:00', NULL, '2024-12-05 09:00:00'),

(52, 34, '380 Bedford Ave', NULL, 'Brooklyn', 'NY', '11211', 1, false, '2024-05-08 10:22:43', '2024-12-10 09:00:00', '2024-05-08 10:22:43'),
(53, 34, '290 Flatbush Ave', NULL, 'Brooklyn', 'NY', '11217', 1, true, '2024-12-10 09:00:00', NULL, '2024-12-10 09:00:00'),

(54, 36, '21 Oxford Street', NULL, 'London', NULL, 'W1D 2LT', 2, false, '2024-06-10 08:03:34', '2025-02-01 09:00:00', '2024-06-10 08:03:34'),
(55, 36, '220 Bishopsgate', 'Apt 14', 'London', NULL, 'EC2M 4QW', 2, true, '2025-02-01 09:00:00', NULL, '2025-02-01 09:00:00'),

(56, 37, '88 King Street West', 'Apt 1102', 'Toronto', 'ON', 'M5H 1J8', 5, false, '2024-06-27 15:12:07', '2025-01-10 09:00:00', '2024-06-27 15:12:07'),
(57, 37, '12 Yonge Street', 'Suite 903', 'Toronto', 'ON', 'M5E 1Z9', 5, true, '2025-01-10 09:00:00', NULL, '2025-01-10 09:00:00'),

(58, 38, 'A-12 Andheri East', NULL, 'Mumbai', 'MH', '400069', 4, false, '2024-07-14 09:44:29', '2025-03-01 09:00:00', '2024-07-14 09:44:29'),
(59, 38, 'B-77 Bandra West', NULL, 'Mumbai', 'MH', '400050', 4, true, '2025-03-01 09:00:00', NULL, '2025-03-01 09:00:00'),

(60, 44, '39 Bourke Street', NULL, 'Melbourne', 'VIC', '3000', 3, false, '2024-10-25 08:20:47', '2025-02-20 09:00:00', '2024-10-25 08:20:47'),
(61, 44, '1 Collins Street', 'Level 10', 'Melbourne', 'VIC', '3000', 3, true, '2025-02-20 09:00:00', NULL, '2025-02-20 09:00:00'),

(62, 46, '76 Hudson Street', 'Apt 7B', 'New York', 'NY', '10013', 1, false, '2024-12-01 10:44:56', '2025-01-20 09:00:00', '2024-12-01 10:44:56'),
(63, 46, '412 Greenwich Street', 'Apt 3F', 'New York', 'NY', '10013', 1, true, '2025-01-20 09:00:00', NULL, '2025-01-20 09:00:00');


