/*
Sample data for complex query breakdown
*/
/*
Drop tables, if you need to rerun the script
*/
DROP TABLE contests;
DROP TABLE challenges;
DROP TABLE colleges;
DROP TABLE submission_stats;
DROP TABLE view_stats;

/*
Create tables
*/

CREATE TABLE contests (
  contest_id INT,
  hacker_id INT,
  name VARCHAR(100)
);

CREATE TABLE challenges (
  challenge_id INT,
  college_id INT
);

CREATE TABLE colleges (
  college_id INT,
  contest_id INT
);

CREATE TABLE submission_stats (
  challenge_id INT,
  total_submissions INT,
  total_accepted_submissions INT
);

CREATE TABLE view_stats (
  challenge_id INT,
  total_views INT,
  total_unique_views INT
);

/*
Insert data
*/

INSERT INTO contests (contest_id, hacker_id,name) VALUES
(65577, 86252, 'Ava'),
(20937, 66379, 'Penelope'),
(73967, 38306, 'Grace'),
(68097, 18047, 'Victor'),
(12748, 49968, 'David'),
(59294, 33431, 'Claire'),
(33252, 92423, 'Joseph'),
(94460, 60251, 'Abigail'),
(68856, 22084, 'Alexander'),
(47302, 26663, 'John'),
(29542, 71953, 'Owen'),
(69376, 99017, 'Jessica'),
(29017, 34417, 'Hannah'),
(17453, 49308, 'Theresa'),
(69562, 40459, 'Victoria'),
(86697, 35992, 'Dorothy'),
(61694, 26117, 'Stewart'),
(50563, 23868, 'Carl'),
(92447, 66595, 'Brian'),
(93022, 57904, 'Nathan'),
(66112, 45257, 'Lisa'),
(55432, 95661, 'Michael'),
(72855, 37620, 'Una'),
(10878, 17998, 'Wendy'),
(65016, 95749, 'Madeleine'),
(64172, 36821, 'Andrea'),
(94242, 72842, 'Paul'),
(98023, 36779, 'Oliver'),
(28912, 80355, 'Fiona'),
(21471, 19030, 'Isaac'),
(24576, 75279, 'Colin'),
(18078, 94940, 'Piers'),
(57138, 55071, 'Karen'),
(50017, 55033, 'Yvonne'),
(91134, 44544, 'Stephen'),
(73097, 19563, 'Mary'),
(53172, 57535, 'Leonard'),
(63662, 96145, 'Ruth'),
(53251, 56427, 'Angela'),
(44390, 13209, 'Diane'),
(26430, 72257, 'Peter'),
(14469, 15342, 'Jane'),
(31850, 15033, 'Anthony'),
(73967, 64349, 'Gavin'),
(10471, 18484, 'Pippa'),
(89771, 23331, 'Sophie'),
(32472, 81399, 'Sam'),
(65275, 56734, 'Jasmine'),
(48013, 52254, 'Christopher'),
(30571, 77994, 'Lauren'),
(24095, 18522, 'Dylan'),
(58566, 94780, 'Audrey'),
(86443, 82833, 'Jason'),
(43204, 16002, 'Austin'),
(19516, 96448, 'Jacob'),
(93206, 41803, 'Liam'),
(13614, 65147, 'Edward'),
(12021, 19082, 'Natalie'),
(24327, 32658, 'Bernadette'),
(46487, 58024, 'Warren'),
(92645, 74008, 'Katherine'),
(42057, 16389, 'Deirdre'),
(10570, 92388, 'Charles'),
(96116, 35700, 'Blake'),
(16155, 33035, 'Luke'),
(97133, 48752, 'Rebecca'),
(48062, 60683, 'Irene'),
(71444, 19386, 'Elizabeth'),
(54904, 20968, 'Phil'),
(80647, 50199, 'Andrew'),
(31057, 83027, 'Richard'),
(36704, 40433, 'Julia'),
(73196, 70777, 'Bella'),
(93422, 77078, 'Michelle'),
(40449, 44198, 'Amelia'),
(48064, 56097, 'Julian'),
(53503, 62425, 'Diana'),
(95440, 25330, 'Sally'),
(72013, 15628, 'Rachel'),
(75141, 45339, 'Harry'),
(55830, 18455, 'Jonathan'),
(55980, 52054, 'Vanessa'),
(99333, 40006, 'Eric'),
(56758, 15315, 'Benjamin'),
(13053, 12642, 'Adam'),
(49800, 78343, 'Samantha'),
(36017, 58117, 'Felicity'),
(10200, 74867, 'Joanne'),
(82125, 55913, 'Simon'),
(45317, 56575, 'Anne'),
(55536, 36986, 'Connor'),
(42998, 33883, 'Evan'),
(72415, 40416, 'Carol'),
(74459, 76822, 'Anna'),
(58631, 20263, 'Lily'),
(26363, 60319, 'Ella'),
(36721, 82208, 'Virginia'),
(12825, 43852, 'Kevin'),
(47581, 71514, 'Rose'),
(19769, 39874, 'Gabrielle'),
(27493, 65346, 'Sue'),
(93134, 58319, 'Neil'),
(63843, 18564, 'William'),
(66943, 16838, 'Robert'),
(50682, 65351, 'Molly'),
(64520, 13166, 'Justin'),
(60591, 62374, 'Dominic'),
(84487, 78474, 'Sarah'),
(52294, 87998, 'Jan'),
(95200, 79016, 'Melanie'),
(44472, 17063, 'Wanda'),
(35749, 39440, 'Keith'),
(18203, 80157, 'Nicola'),
(26250, 10365, 'Maria'),
(21578, 68648, 'Boris'),
(34174, 87230, 'Matt'),
(66062, 93040, 'Kimberly'),
(79829, 37791, 'Thomas'),
(61028, 38808, 'Nicholas'),
(82345, 14369, 'Kylie'),
(29273, 34584, 'Dan'),
(45999, 80035, 'Alan'),
(85863, 76571, 'Steven'),
(95189, 18212, 'Leah'),
(86869, 76988, 'Olivia'),
(68522, 63844, 'Jennifer'),
(54993, 75208, 'James'),
(68437, 44571, 'Sean'),
(19905, 97395, 'Max'),
(31487, 48745, 'Jack'),
(51839, 63805, 'Lillian'),
(76279, 57123, 'Gordon'),
(64501, 54629, 'Tim'),
(65426, 98544, 'Faith'),
(45004, 92989, 'Amanda'),
(35426, 90575, 'Tracey'),
(24014, 72502, 'Lucas'),
(63702, 31290, 'Amy'),
(13816, 32135, 'Stephanie'),
(36266, 81895, 'Alexandra'),
(47993, 10744, 'Christian'),
(47380, 24665, 'Caroline'),
(36914, 20981, 'Adrian'),
(95671, 50569, 'Alison'),
(93567, 37842, 'Frank'),
(79545, 54339, 'Megan'),
(65169, 82042, 'Brandon'),
(90148, 45815, 'Joan'),
(35662, 56227, 'Emily'),
(88073, 98680, 'Zoe'),
(81207, 71478, 'Trevor'),
(82494, 85953, 'Joshua'),
(56099, 89134, 'Ryan'),
(19243, 94409, 'Sebastian'),
(36514, 85138, 'Emma'),
(59893, 22712, 'Heather'),
(47998, 80197, 'Cameron'),
(23252, 24263, 'Chloe'),
(33742, 63374, 'Joe'),
(36470, 31175, 'Ian'),
(21180, 21379, 'Jake'),
(36696, 49564, 'Carolyn'),
(96139, 62946, 'Donna'),
(58736, 24255, 'Sonia');

INSERT INTO colleges (college_id, contest_id) VALUES
(9514, 65577),
(3062, 20937),
(2694, 73967),
(3884, 68097),
(3352, 12748),
(3668, 59294),
(4867, 33252),
(4138, 94460),
(8087, 68856),
(9973, 47302),
(3140, 29542),
(3191, 69376),
(6347, 29017),
(6828, 17453),
(1635, 69562),
(9017, 86697),
(5741, 61694),
(3636, 50563),
(4960, 92447),
(7426, 93022),
(1621, 66112),
(3874, 55432),
(8128, 72855),
(2375, 10878),
(3740, 65016),
(4370, 64172),
(7031, 94242),
(3439, 98023),
(1642, 28912),
(7939, 21471),
(2889, 24576),
(6796, 18078),
(4393, 57138),
(8882, 50017),
(3181, 91134),
(8945, 73097),
(8969, 53172),
(4002, 63662),
(8231, 53251),
(9083, 44390),
(8447, 26430),
(4279, 14469),
(6805, 31850),
(3545, 73967),
(9951, 10471),
(8038, 89771),
(4775, 32472),
(9929, 65275),
(6154, 48013),
(8512, 30571),
(6161, 24095),
(8604, 58566),
(5020, 86443),
(4952, 43204),
(6624, 19516),
(3080, 93206),
(3409, 13614),
(9041, 12021),
(4804, 24327),
(8326, 46487),
(1070, 92645),
(7232, 42057),
(2724, 10570),
(9487, 96116),
(9571, 16155),
(6750, 97133),
(6839, 48062),
(9643, 71444),
(1690, 54904),
(1452, 80647),
(3244, 31057),
(6133, 36704),
(5849, 73196),
(5404, 93422),
(6938, 40449),
(9746, 48064),
(6242, 53503),
(2062, 95440),
(9037, 72013),
(5540, 75141),
(5393, 55830),
(5178, 55980),
(2318, 99333),
(2359, 56758),
(4052, 13053),
(2110, 49800),
(3484, 36017),
(4159, 10200),
(3454, 82125),
(7052, 45317),
(1110, 55536),
(3120, 42998),
(6203, 72415),
(8805, 74459),
(5314, 58631),
(6130, 26363),
(5250, 36721),
(1090, 12825),
(3818, 47581),
(4644, 19769),
(6692, 27493),
(3097, 93134),
(7194, 63843),
(7114, 66943),
(6419, 50682),
(3907, 64520),
(8810, 60591),
(8129, 84487),
(9956, 52294),
(6658, 95200),
(5160, 44472),
(5199, 35749),
(1180, 18203),
(5847, 26250),
(5030, 21578),
(1602, 34174),
(3018, 66062),
(9955, 79829),
(2222, 61028),
(9071, 82345),
(5588, 29273),
(5665, 45999),
(7366, 85863),
(9148, 95189),
(4758, 86869),
(3297, 68522),
(6677, 54993),
(6951, 68437),
(4508, 19905),
(6737, 31487),
(3385, 51839),
(4723, 76279),
(3058, 64501),
(4038, 65426),
(2986, 45004),
(5996, 35426),
(3190, 24014),
(4102, 63702),
(6351, 13816),
(8398, 36266),
(6840, 47993),
(2325, 47380),
(1242, 36914),
(2158, 95671),
(6570, 93567),
(2842, 79545),
(6734, 65169),
(1127, 90148),
(1223, 35662),
(2078, 88073),
(3582, 81207),
(3706, 82494),
(3677, 56099),
(2625, 19243),
(3653, 36514),
(7404, 59893),
(1343, 47998),
(3084, 23252),
(7075, 33742),
(8902, 36470),
(9781, 21180),
(2401, 36696),
(2930, 96139),
(4374, 58736);

INSERT INTO challenges (challenge_id, college_id) VALUES
(6109, 9514),
(1540, 3062),
(3719, 2694),
(6703, 3884),
(7404, 3352),
(2518, 3668),
(4636, 4867),
(6026, 4138),
(4400, 8087),
(7030, 9973),
(7457, 3140),
(8389, 3191),
(4959, 6347),
(4591, 6828),
(8133, 1635),
(3025, 9017),
(2706, 5741),
(6452, 3636),
(4655, 4960),
(1477, 7426),
(1479, 1621),
(5092, 3874),
(5719, 8128),
(2435, 2375),
(9961, 3740),
(4017, 4370),
(1031, 7031),
(9732, 3439),
(1890, 1642),
(6721, 7939),
(9567, 2889),
(3518, 6796),
(6073, 4393),
(8252, 8882),
(4001, 3181),
(4824, 8945),
(2550, 8969),
(9876, 4002),
(6096, 8231),
(8968, 9083),
(1633, 8447),
(2978, 4279),
(6279, 6805),
(6483, 3545),
(6220, 9951),
(3484, 8038),
(1817, 4775),
(4584, 9929),
(6752, 6154),
(4749, 8512),
(4958, 6161),
(5462, 8604),
(4389, 5020),
(1104, 4952),
(1177, 6624),
(2087, 3080),
(3536, 3409),
(7953, 9041),
(7174, 4804),
(1559, 8326),
(4607, 1070),
(5633, 7232),
(3618, 2724),
(6469, 9487),
(1016, 9571),
(8013, 6750),
(2681, 6839),
(1194, 9643),
(2755, 1690),
(4177, 1452),
(1328, 3244),
(5493, 6133),
(1532, 5849),
(7381, 5404),
(2952, 6938),
(1313, 9746),
(9384, 6242),
(6897, 2062),
(6401, 9037),
(9239, 5540),
(6889, 5393),
(1258, 5178),
(5650, 2318),
(6597, 2359),
(7559, 4052),
(1911, 2110),
(3390, 3484),
(7809, 4159),
(5801, 3454),
(5250, 7052),
(6563, 1110),
(3261, 3120),
(9850, 6203),
(6554, 8805),
(4465, 5314),
(5579, 6130),
(3414, 5250),
(9379, 1090),
(3352, 3818),
(3921, 4644),
(6397, 6692),
(1570, 3097),
(8647, 7194),
(4625, 7114),
(2938, 6419),
(6155, 3907),
(9710, 8810),
(1292, 8129),
(3186, 9956),
(5049, 6658),
(1858, 5160),
(1199, 5199),
(4685, 1180),
(8652, 5847),
(1780, 5030),
(3728, 1602),
(9974, 3018),
(5180, 9955),
(1731, 2222),
(7387, 9071),
(9035, 5588),
(3762, 5665),
(8935, 7366),
(3843, 9148),
(1498, 4758),
(4135, 3297),
(9438, 6677),
(4330, 6951),
(3122, 4508),
(4093, 6737),
(5249, 3385),
(3736, 4723),
(3896, 3058),
(4637, 4038),
(2970, 2986),
(5631, 5996),
(3278, 3190),
(4183, 4102),
(7287, 6351),
(6551, 8398),
(1490, 6840),
(7060, 2325),
(9630, 1242),
(6827, 2158),
(2508, 6570),
(8978, 2842),
(3028, 6734),
(3398, 1127),
(9347, 1223),
(6088, 2078),
(9678, 3582),
(4068, 3706),
(7547, 3677),
(7769, 2625),
(5047, 3653),
(4875, 7404),
(2270, 1343),
(5284, 3084),
(1374, 7075),
(6357, 8902),
(1274, 9781),
(3023, 2401),
(1287, 2930),
(6699, 4374),
(5144, 9148),
(7111, 4758),
(1884, 3297),
(4012, 6677),
(1519, 6951),
(7804, 4508),
(2023, 6737),
(6198, 3385),
(3777, 4723),
(1233, 3058),
(3764, 4038),
(2195, 2986),
(2547, 5996),
(8724, 3190),
(5867, 4102),
(8675, 6351),
(3670, 8398),
(3166, 6840),
(8008, 2325),
(5664, 1242),
(1769, 2158),
(1612, 6570),
(6910, 2842),
(9888, 6734),
(8346, 1127),
(8582, 1223),
(4876, 2078),
(5114, 3582),
(1436, 3706),
(2353, 3677),
(5352, 2625),
(6156, 3653),
(6186, 7404),
(9844, 1343),
(9970, 3084),
(8735, 7075),
(3386, 8902),
(9574, 9781),
(4215, 2401),
(4845, 2930),
(2893, 4374),
(7585, 2694),
(4293, 3884),
(2873, 3352),
(8091, 3668),
(6127, 4867),
(3979, 4138),
(1232, 8087),
(4023, 9973),
(6393, 3140),
(7248, 3191),
(6919, 6347),
(4584, 6828),
(7560, 1635),
(9257, 9017),
(7012, 9514),
(7234, 3062),
(3929, 2694),
(9816, 3884),
(2802, 3352),
(3001, 3668),
(6019, 4867),
(9840, 4138),
(1939, 8087),
(3152, 9973),
(3031, 3140),
(1373, 3191),
(7719, 6347),
(1821, 6828),
(2262, 1635),
(8719, 9017),
(6365, 5741),
(4035, 3636),
(6631, 4960),
(1871, 7426),
(2984, 1621),
(9052, 3874),
(5743, 8128),
(9922, 2375),
(6673, 3740),
(4631, 1621),
(2546, 3874),
(4367, 8128),
(1113, 2375),
(4920, 3740),
(1943, 4370),
(7279, 7031),
(7869, 3439),
(6886, 1642),
(1462, 7939),
(5102, 2889),
(4538, 6796),
(5839, 4393),
(5395, 8882),
(8447, 3181),
(3821, 8945),
(8435, 8969),
(4676, 4002),
(3623, 8231),
(7572, 9083),
(4696, 8447),
(4099, 4279),
(4802, 1223),
(8914, 2078),
(1005, 3582),
(5414, 3706),
(1659, 3677),
(6498, 2625),
(5735, 3653),
(8254, 7404),
(7042, 1343),
(9116, 3084),
(9164, 7075),
(3786, 8902),
(4725, 9781),
(2926, 2401),
(5584, 2930),
(4522, 4374),
(7599, 2694),
(7715, 3884),
(4071, 3352),
(8702, 3668),
(5680, 4867),
(5784, 4138),
(8201, 8087),
(6239, 9973),
(3211, 3140),
(1220, 3191),
(6125, 6347),
(2313, 6828),
(3709, 1635),
(3575, 9017),
(1775, 9514),
(5284, 3062),
(6249, 2694),
(2196, 3884),
(8690, 3352),
(6790, 3668),
(6455, 4867),
(6782, 4138),
(7869, 8087),
(2536, 9973),
(2639, 3140),
(3021, 3191),
(5299, 6347),
(8511, 6828),
(1268, 1635),
(1548, 9017);

INSERT INTO view_stats (challenge_id, total_views, total_unique_views) VALUES
(6109, 418, 109),
(1540, 256, 238),
(3719, 97, 80),
(6703, 57, 31),
(7404, 473, 251),
(2518, 437, 297),
(4636, 499, 364),
(6026, 441, 300),
(4400, 310, 143),
(7030, 110, 50),
(7457, 382, 359),
(8389, 410, 209),
(4959, 135, 89),
(4591, 30, 10),
(8133, 371, 122),
(3025, 282, 102),
(2706, 203, 112),
(6452, 475, 342),
(4655, 326, 271),
(1477, 127, 123),
(1479, 375, 165),
(5092, 363, 167),
(5719, 452, 203),
(2435, 413, 190),
(9961, 116, 67),
(4017, 29, 13),
(1031, 176, 125),
(9732, 435, 387),
(1890, 202, 196),
(6721, 198, 97),
(9567, 98, 60),
(3518, 226, 106),
(6073, 233, 163),
(8252, 233, 165),
(4001, 231, 60),
(4824, 340, 258),
(2550, 30, 26),
(9876, 325, 176),
(6096, 60, 16),
(8968, 279, 120),
(1633, 89, 36),
(2978, 57, 15),
(6279, 127, 71),
(6483, 239, 151),
(6220, 171, 103),
(3484, 86, 52),
(1817, 374, 135),
(4584, 157, 47),
(6752, 41, 36),
(4749, 327, 150),
(4958, 84, 76),
(5462, 475, 252),
(4389, 194, 50),
(1104, 173, 107),
(1177, 259, 194),
(2087, 86, 17),
(3536, 75, 48),
(7953, 427, 350),
(7174, 188, 133),
(1559, 466, 391),
(4607, 77, 24),
(5633, 269, 116),
(3618, 28, 6),
(6469, 474, 280),
(1016, 307, 298),
(8013, 80, 36),
(2681, 132, 83),
(1194, 337, 152),
(2755, 320, 131),
(4177, 466, 438),
(1328, 269, 83),
(5493, 362, 188),
(1532, 388, 210),
(7381, 254, 74),
(2952, 61, 49),
(1313, 336, 121),
(9384, 228, 105),
(6897, 102, 29),
(6401, 450, 243),
(9239, 265, 191),
(6889, 481, 96),
(1258, 287, 230),
(5650, 383, 115),
(6597, 196, 98),
(7559, 458, 105),
(1911, 271, 108),
(3390, 156, 81),
(7809, 64, 24),
(5801, 304, 234),
(5250, 418, 146),
(6563, 458, 458),
(3261, 219, 59),
(9850, 143, 74),
(6554, 64, 36),
(4465, 46, 42),
(5579, 45, 21),
(3414, 117, 105),
(9379, 331, 156),
(3352, 46, 40),
(3921, 246, 133),
(6397, 188, 184),
(1570, 251, 226),
(8647, 226, 149),
(4625, 336, 114),
(2938, 375, 296),
(6155, 259, 52),
(9710, 300, 192),
(1292, 439, 180),
(3186, 436, 174),
(5049, 362, 235),
(1858, 76, 30),
(1199, 335, 87),
(4685, 319, 169),
(8652, 291, 212),
(1780, 242, 85),
(3728, 275, 151),
(9974, 126, 82),
(5180, 233, 158),
(1731, 377, 177),
(7387, 360, 252),
(9035, 173, 35),
(3762, 352, 197),
(8935, 186, 50),
(3843, 420, 118),
(1498, 158, 155),
(4135, 397, 187),
(9438, 462, 217),
(4330, 138, 63),
(3122, 238, 157),
(4093, 105, 23),
(5249, 108, 33),
(3736, 259, 189),
(3896, 474, 308),
(4637, 131, 60),
(2970, 127, 44),
(5631, 448, 444),
(3278, 344, 69),
(4183, 41, 20),
(7287, 338, 155),
(6551, 323, 255),
(1490, 457, 393),
(7060, 258, 178),
(9630, 250, 230),
(6827, 382, 202),
(2508, 416, 141),
(8978, 359, 266),
(3028, 23, 6),
(3398, 221, 214),
(9347, 218, 201),
(6088, 162, 144),
(9678, 46, 41),
(4068, 126, 87),
(7547, 79, 75),
(7769, 102, 92),
(5047, 20, 16),
(4875, 132, 100),
(2270, 336, 134),
(5284, 188, 171),
(1374, 70, 50),
(6357, 65, 31),
(1274, 218, 157),
(3023, 135, 81),
(1287, 150, 83),
(6699, 50, 46),
(5144, 94, 75),
(7111, 95, 64),
(1884, 489, 240),
(4012, 89, 60),
(1519, 344, 230),
(7804, 161, 129),
(2023, 86, 29),
(6198, 278, 186),
(3777, 164, 61),
(1233, 163, 39),
(3764, 100, 65),
(2195, 240, 175),
(2547, 189, 70),
(8724, 325, 107),
(5867, 329, 217),
(8675, 20, 5),
(3670, 442, 172),
(3166, 187, 122),
(8008, 303, 185),
(5664, 102, 82),
(1769, 127, 39),
(1612, 270, 105),
(6910, 266, 56),
(9888, 186, 71),
(8346, 171, 92),
(8582, 321, 270),
(4876, 36, 21),
(5114, 219, 217),
(1436, 420, 206),
(2353, 158, 128),
(5352, 101, 21),
(6156, 316, 117),
(6186, 420, 235),
(9844, 198, 83),
(9970, 42, 37),
(8735, 306, 245),
(3386, 362, 116),
(9574, 142, 119),
(4215, 67, 59),
(4845, 282, 254),
(2893, 447, 447),
(7585, 63, 13),
(4293, 337, 270),
(2873, 186, 115),
(8091, 474, 313),
(6127, 161, 118),
(3979, 71, 70),
(1232, 292, 219),
(4023, 273, 240),
(6393, 87, 74),
(7248, 339, 85),
(6919, 381, 206),
(4584, 386, 201),
(7560, 129, 45),
(9257, 180, 140),
(7012, 484, 402),
(7234, 258, 67),
(3929, 410, 332),
(9816, 189, 91),
(2802, 347, 194),
(3001, 134, 54),
(6019, 253, 81),
(9840, 42, 19),
(1939, 105, 50),
(3152, 167, 47),
(3031, 237, 201),
(1373, 477, 453),
(7719, 190, 40),
(1821, 156, 144),
(2262, 334, 261),
(8719, 289, 98),
(6365, 234, 51),
(4035, 293, 258),
(6631, 225, 117),
(1871, 101, 98),
(2984, 239, 86),
(9052, 258, 80),
(5743, 426, 162),
(9922, 416, 379),
(6673, 160, 48),
(4631, 144, 82),
(2546, 470, 381),
(4367, 277, 194),
(1113, 218, 190),
(4920, 289, 254),
(1943, 35, 27),
(7279, 270, 194),
(7869, 296, 198),
(6886, 397, 183),
(1462, 494, 143),
(5102, 263, 153),
(4538, 351, 211),
(5839, 142, 121),
(5395, 399, 391),
(8447, 362, 362),
(3821, 38, 8),
(8435, 494, 188),
(4676, 35, 8),
(3623, 261, 193),
(7572, 108, 89),
(4696, 161, 130),
(4099, 44, 9),
(4802, 201, 149),
(8914, 327, 199),
(1005, 231, 196),
(5414, 71, 53),
(1659, 176, 116),
(6498, 54, 33),
(5735, 266, 176),
(8254, 429, 189),
(7042, 208, 125),
(9116, 52, 34),
(9164, 360, 83),
(3786, 234, 129),
(4725, 335, 101),
(2926, 366, 113),
(5584, 87, 46),
(4522, 94, 19),
(7599, 389, 222),
(7715, 136, 106),
(4071, 216, 214),
(8702, 448, 332),
(5680, 285, 217),
(5784, 248, 181),
(8201, 111, 74),
(6239, 130, 56),
(3211, 127, 36),
(1220, 358, 311),
(6125, 127, 44),
(2313, 325, 120),
(3709, 102, 64),
(3575, 246, 153),
(1775, 115, 32),
(5284, 118, 60),
(6249, 212, 102),
(2196, 88, 58),
(8690, 132, 92),
(6790, 54, 46),
(6455, 80, 80),
(6782, 391, 192),
(7869, 408, 204),
(2536, 362, 275),
(2639, 158, 156),
(3021, 289, 283),
(5299, 125, 94),
(8511, 394, 331),
(1268, 105, 23),
(1548, 237, 211),
(6109, 495, 337),
(1540, 403, 262),
(3719, 347, 236),
(6703, 379, 117),
(7404, 394, 102),
(2518, 475, 409),
(4636, 125, 105),
(6026, 249, 202),
(4400, 435, 244),
(7030, 254, 91),
(7457, 368, 316),
(8389, 59, 22),
(4959, 223, 107),
(4591, 387, 93),
(8133, 368, 140),
(3025, 247, 148),
(2706, 210, 130),
(6452, 352, 331),
(4655, 442, 415),
(1477, 425, 213),
(1479, 499, 220),
(5092, 281, 155),
(5719, 73, 15),
(2435, 361, 130),
(9961, 245, 130),
(4017, 180, 157),
(1031, 427, 132),
(9732, 279, 134),
(1890, 66, 56),
(6721, 338, 338),
(9567, 354, 152),
(3518, 477, 329),
(6073, 58, 29),
(8252, 443, 257),
(4001, 173, 111),
(4824, 485, 422),
(2550, 163, 116),
(9876, 278, 256),
(6096, 126, 126),
(8968, 479, 345),
(1633, 345, 104),
(2978, 348, 94),
(6279, 283, 74),
(6483, 476, 395),
(6220, 211, 95),
(3484, 132, 53),
(1817, 63, 50),
(4584, 392, 216),
(6752, 438, 425),
(4749, 394, 260),
(4958, 79, 17),
(5462, 26, 12),
(4389, 500, 140),
(1104, 231, 139),
(1177, 408, 233),
(2087, 99, 20),
(3536, 44, 25),
(7953, 52, 21),
(7174, 251, 118),
(1559, 238, 52),
(4607, 54, 36),
(5633, 453, 421),
(3618, 143, 89),
(6469, 372, 74),
(1016, 323, 187),
(8013, 40, 40),
(2681, 487, 229),
(1194, 263, 113),
(2755, 211, 148),
(4177, 271, 225),
(1328, 414, 335),
(5493, 332, 120),
(1532, 477, 467),
(7381, 233, 112),
(2952, 284, 222),
(1313, 322, 267),
(9384, 497, 303),
(6897, 386, 104),
(6401, 257, 198),
(9239, 33, 23),
(6889, 60, 13),
(1258, 276, 246),
(5650, 218, 216),
(6597, 53, 42),
(7559, 459, 303),
(1911, 25, 21),
(3390, 222, 73),
(7809, 173, 85),
(5801, 38, 13),
(5250, 448, 228),
(6563, 90, 69),
(3261, 135, 68),
(9850, 47, 35),
(6554, 60, 58),
(4465, 309, 192),
(5579, 179, 156),
(3414, 82, 69),
(9379, 443, 204),
(3352, 112, 46),
(3921, 302, 118),
(6397, 428, 180),
(1570, 30, 24),
(8647, 332, 266),
(4625, 357, 239),
(2938, 265, 262),
(6155, 117, 43),
(9710, 362, 293),
(1292, 472, 444),
(3186, 466, 93),
(5049, 408, 208),
(1858, 415, 411),
(1199, 465, 167),
(4685, 75, 52),
(8652, 117, 96),
(1780, 88, 56),
(3728, 293, 176),
(9974, 135, 131),
(5180, 380, 84),
(1731, 389, 389),
(7387, 169, 152),
(9035, 282, 124),
(3762, 421, 278),
(8935, 47, 30),
(3843, 215, 163),
(1498, 77, 21),
(4135, 288, 86),
(9438, 346, 318),
(4330, 214, 128),
(3122, 306, 104),
(4093, 231, 196),
(5249, 58, 50),
(3736, 106, 72),
(3896, 163, 101),
(4637, 226, 142),
(2970, 385, 116),
(5631, 410, 312),
(3278, 258, 80),
(4183, 383, 360),
(7287, 492, 458),
(6551, 216, 104),
(1490, 464, 316),
(7060, 334, 237),
(9630, 145, 80),
(6827, 228, 185),
(2508, 45, 36),
(8978, 414, 83),
(3028, 139, 36),
(3398, 254, 109),
(9347, 487, 424),
(6088, 273, 82),
(9678, 247, 104),
(4068, 267, 200),
(7547, 148, 139),
(7769, 338, 149),
(5047, 342, 321),
(4875, 185, 85),
(2270, 362, 199),
(5284, 321, 138),
(1374, 203, 51),
(6357, 62, 48),
(1274, 67, 31),
(3023, 481, 149),
(1287, 409, 102),
(6699, 204, 147),
(5144, 55, 46),
(7111, 357, 293),
(1884, 475, 133),
(4012, 340, 323),
(1519, 240, 221),
(7804, 53, 14),
(2023, 200, 108),
(6198, 352, 348),
(3777, 44, 11),
(1233, 377, 204),
(3764, 100, 26),
(2195, 143, 40),
(2547, 326, 225),
(8724, 58, 30),
(5867, 427, 384),
(8675, 362, 333),
(3670, 275, 270),
(3166, 23, 15),
(8008, 207, 124),
(5664, 61, 34),
(1769, 351, 137),
(1612, 406, 317),
(6910, 448, 367),
(9888, 456, 123),
(8346, 105, 50),
(8582, 30, 23),
(4876, 287, 164),
(5114, 307, 157),
(1436, 269, 75),
(2353, 438, 420),
(5352, 221, 212),
(6156, 52, 34),
(6186, 128, 128),
(9844, 437, 267),
(9970, 169, 120),
(8735, 304, 112),
(3386, 348, 341),
(9574, 182, 86),
(4215, 168, 49),
(4845, 157, 155),
(2893, 185, 154),
(7585, 150, 44),
(4293, 112, 55),
(2873, 299, 132),
(8091, 91, 21),
(6127, 240, 158),
(3979, 92, 75),
(1232, 409, 344),
(4023, 466, 266),
(6393, 158, 55),
(7248, 171, 50),
(6919, 381, 194),
(4584, 279, 167),
(7560, 279, 145),
(9257, 285, 257),
(7012, 130, 126),
(7234, 244, 78),
(3929, 314, 251),
(9816, 141, 135),
(2802, 57, 50),
(3001, 297, 267),
(6019, 35, 25),
(9840, 424, 131),
(1939, 379, 99),
(3152, 420, 328),
(3031, 413, 120),
(1373, 52, 31),
(7719, 245, 83),
(1821, 388, 182),
(2262, 154, 54),
(8719, 118, 86),
(6365, 251, 158),
(4035, 340, 214),
(6631, 30, 24),
(1871, 337, 276),
(2984, 38, 9),
(9052, 287, 281),
(5743, 295, 65),
(9922, 321, 74),
(6673, 34, 34),
(4631, 111, 30),
(2546, 403, 129),
(4367, 454, 372),
(1113, 428, 330),
(4920, 256, 64),
(1943, 223, 107),
(7279, 80, 43),
(7869, 401, 365),
(6886, 80, 70),
(1462, 195, 64),
(5102, 129, 84),
(4538, 361, 152),
(5839, 61, 28),
(5395, 128, 78),
(8447, 104, 24),
(3821, 367, 202),
(8435, 280, 252),
(4676, 171, 84),
(3623, 315, 186),
(7572, 458, 348),
(4696, 234, 159),
(4099, 358, 132),
(4802, 180, 56),
(8914, 278, 264),
(1005, 411, 263),
(5414, 234, 87),
(1659, 112, 80),
(6498, 474, 161),
(5735, 454, 209),
(8254, 406, 130),
(7042, 213, 121),
(9116, 294, 65),
(9164, 37, 37),
(3786, 238, 79),
(4725, 439, 307),
(2926, 313, 94),
(5584, 78, 69),
(4522, 485, 199),
(7599, 355, 245),
(7715, 383, 379),
(4071, 279, 95),
(8702, 285, 86),
(5680, 350, 203),
(5784, 49, 23),
(8201, 249, 137),
(6239, 454, 454),
(3211, 133, 126),
(1220, 242, 179),
(6125, 197, 83),
(2313, 151, 125),
(3709, 424, 102),
(3575, 340, 238),
(1775, 350, 196),
(5284, 168, 81),
(6249, 453, 403),
(2196, 91, 74),
(8690, 442, 380),
(6790, 23, 16),
(6455, 301, 114),
(6782, 391, 219),
(7869, 477, 148),
(2536, 101, 86),
(2639, 461, 360),
(3021, 56, 33),
(5299, 403, 226),
(8511, 46, 45),
(1268, 224, 45),
(1548, 363, 330),
(4802, 71, 15),
(8914, 295, 65),
(1005, 111, 74),
(5414, 269, 264),
(1659, 219, 96),
(6498, 129, 119),
(5735, 162, 52),
(8254, 349, 115),
(7042, 292, 210),
(9116, 104, 42),
(9164, 176, 109),
(3786, 131, 130),
(4725, 382, 309),
(2926, 159, 62),
(5584, 355, 337),
(4522, 156, 131),
(7599, 499, 289),
(7715, 378, 268),
(4071, 216, 104),
(8702, 83, 48),
(5680, 433, 325),
(5784, 391, 109),
(8201, 470, 127),
(6239, 439, 312),
(3211, 52, 48),
(1220, 230, 221),
(6125, 425, 421),
(2313, 216, 114),
(3709, 301, 96),
(3575, 469, 122),
(1775, 481, 231),
(5284, 53, 41),
(6249, 350, 308),
(2196, 362, 221),
(6239, 416, 300),
(3211, 282, 228),
(1220, 263, 100),
(6125, 463, 306),
(2313, 226, 201),
(3709, 493, 306),
(3575, 291, 143),
(1775, 46, 10),
(5284, 146, 107),
(6249, 493, 296),
(2196, 426, 213),
(8690, 215, 189),
(6790, 21, 8),
(4584, 37, 14),
(6752, 29, 10),
(4749, 458, 458),
(4958, 131, 105),
(5462, 196, 65),
(4389, 271, 192),
(1104, 131, 80),
(1177, 27, 19),
(5102, 242, 211),
(4538, 200, 56),
(5839, 255, 176),
(5395, 127, 105),
(8447, 329, 132),
(3821, 369, 203),
(8435, 430, 327),
(4676, 495, 218),
(3623, 427, 179),
(7572, 194, 175),
(4696, 189, 115),
(4099, 425, 289),
(4802, 233, 117),
(8914, 315, 290),
(1005, 316, 104),
(5414, 339, 146),
(1659, 162, 60),
(6498, 187, 135),
(5735, 478, 363),
(8582, 345, 162),
(4876, 256, 100),
(5114, 47, 45),
(1436, 90, 19),
(2353, 267, 211),
(5352, 58, 43),
(6156, 189, 74),
(6186, 269, 145),
(9844, 247, 99),
(9970, 24, 17),
(8735, 265, 130),
(3386, 215, 178),
(9574, 452, 393),
(4215, 429, 86),
(4845, 86, 26),
(2893, 476, 124),
(7585, 452, 122),
(4293, 185, 170),
(2873, 223, 219),
(8091, 97, 20),
(6127, 180, 47),
(3979, 399, 351),
(1232, 429, 210),
(4023, 330, 86),
(6393, 253, 149),
(7248, 150, 45),
(6919, 411, 197),
(4584, 475, 423),
(7560, 279, 195),
(9257, 147, 125),
(7012, 490, 186),
(7234, 222, 147),
(3929, 274, 249),
(9816, 369, 162),
(2802, 435, 339),
(3001, 395, 344),
(6019, 132, 61),
(9840, 437, 192),
(1939, 324, 107),
(3152, 447, 237),
(3031, 46, 45),
(1373, 463, 269),
(7719, 355, 96),
(1821, 100, 39),
(2262, 423, 283),
(8719, 457, 379),
(6365, 214, 103),
(4035, 40, 19),
(6631, 91, 74),
(1871, 45, 9),
(2984, 349, 255),
(9052, 107, 80),
(5743, 294, 103),
(9922, 372, 86),
(6673, 159, 149),
(4631, 431, 427),
(2546, 114, 71),
(4367, 75, 73),
(1113, 471, 146),
(4920, 343, 216),
(1943, 286, 206),
(7279, 224, 137),
(7869, 243, 182),
(6886, 86, 53),
(1462, 451, 271),
(5102, 260, 122),
(4538, 429, 257),
(5839, 430, 310),
(5395, 488, 410),
(8447, 413, 330),
(3821, 436, 401),
(8435, 29, 17),
(4676, 54, 53),
(3623, 199, 185),
(7572, 410, 123),
(4696, 421, 189),
(4099, 209, 167),
(4802, 408, 253),
(8914, 450, 248),
(1005, 366, 322),
(5414, 313, 66),
(1659, 52, 38),
(6498, 258, 196),
(5735, 441, 256),
(8254, 359, 147),
(7042, 213, 49),
(9116, 354, 184),
(9164, 275, 165),
(3786, 71, 25),
(4725, 463, 148),
(2926, 175, 39),
(5584, 204, 145),
(4522, 219, 85),
(7599, 54, 28),
(7715, 394, 374),
(4071, 99, 78),
(8702, 25, 25),
(5680, 183, 79),
(5784, 24, 19),
(8201, 481, 462),
(6239, 105, 98),
(3211, 129, 61),
(1220, 500, 490),
(6125, 442, 128),
(2313, 197, 130),
(3709, 497, 219),
(3575, 159, 121),
(1775, 24, 13),
(5284, 403, 363),
(6249, 491, 344),
(2196, 93, 91),
(8690, 30, 14),
(6790, 226, 122),
(6455, 228, 73),
(6782, 134, 28),
(7869, 370, 170),
(2536, 81, 31),
(2639, 240, 226),
(3021, 338, 78),
(5299, 477, 253),
(8511, 378, 306),
(1268, 284, 105),
(1548, 394, 382),
(4802, 242, 70),
(8914, 282, 76),
(1005, 185, 163),
(5414, 80, 77),
(1659, 228, 198),
(6498, 279, 204),
(5735, 322, 138),
(8254, 155, 65),
(7042, 388, 206),
(9116, 486, 326),
(9164, 231, 148),
(3786, 386, 301),
(4725, 486, 462),
(2926, 212, 189),
(5584, 480, 206),
(4522, 203, 199),
(7599, 338, 105),
(7715, 305, 61),
(4071, 198, 50),
(8702, 466, 200),
(5680, 357, 86),
(5784, 340, 333),
(8201, 122, 27),
(6239, 198, 182),
(3211, 457, 297),
(1220, 397, 290),
(6125, 395, 162),
(2313, 170, 167),
(3709, 402, 153),
(3575, 27, 24),
(1775, 70, 69),
(5284, 422, 139),
(6249, 164, 134),
(2196, 418, 293),
(6239, 308, 95),
(3211, 242, 186),
(1220, 250, 80),
(6125, 69, 54),
(2313, 495, 465),
(3709, 197, 162),
(3575, 160, 75),
(1775, 252, 149),
(5284, 142, 118),
(6249, 370, 344),
(2196, 82, 18),
(8690, 174, 110),
(6790, 233, 51),
(4584, 268, 139),
(6752, 244, 178),
(4749, 264, 214),
(4958, 450, 171),
(5462, 414, 286),
(4389, 61, 31),
(1104, 483, 232),
(3623, 498, 304),
(7572, 186, 151),
(4696, 338, 149),
(4099, 322, 184),
(4802, 23, 6),
(8914, 266, 205),
(1005, 56, 46),
(5414, 215, 131),
(1659, 262, 60),
(6498, 131, 101),
(5735, 382, 325),
(8582, 313, 116),
(4876, 500, 310),
(5114, 143, 83),
(1436, 237, 116);

INSERT INTO submission_stats (challenge_id, total_submissions, total_accepted_submissions) VALUES
(6109, 44, 38),
(1540, 81, 45),
(3719, 86, 65),
(6703, 32, 26),
(7404, 45, 22),
(2518, 77, 43),
(4636, 67, 28),
(6026, 71, 37),
(4400, 84, 57),
(7030, 72, 54),
(7457, 48, 32),
(8389, 52, 30),
(4959, 43, 24),
(4591, 92, 36),
(8133, 51, 21),
(3025, 81, 47),
(2706, 94, 73),
(6452, 61, 22),
(4655, 42, 34),
(1477, 22, 9),
(1479, 39, 21),
(5092, 71, 24),
(5719, 94, 71),
(2435, 81, 28),
(9961, 63, 26),
(4017, 70, 24),
(1031, 55, 19),
(9732, 29, 13),
(1890, 90, 89),
(6721, 38, 38),
(9567, 60, 54),
(3518, 45, 37),
(6073, 59, 21),
(8252, 83, 83),
(4001, 32, 30),
(4824, 48, 20),
(2550, 85, 83),
(9876, 74, 44),
(6096, 94, 55),
(8968, 73, 41),
(1633, 100, 87),
(2978, 100, 89),
(6279, 43, 28),
(6483, 69, 59),
(6220, 23, 12),
(3484, 89, 34),
(1817, 65, 42),
(4584, 59, 25),
(6752, 96, 63),
(4749, 47, 32),
(4958, 35, 34),
(5462, 82, 78),
(4389, 94, 82),
(1104, 73, 41),
(1177, 37, 18),
(2087, 36, 20),
(3536, 62, 30),
(7953, 20, 11),
(7174, 20, 17),
(1559, 77, 37),
(4607, 33, 15),
(5633, 91, 66),
(3618, 49, 23),
(6469, 72, 26),
(1016, 46, 37),
(8013, 64, 42),
(2681, 76, 25),
(1194, 68, 52),
(2755, 34, 27),
(4177, 45, 31),
(1328, 21, 10),
(5493, 65, 33),
(1532, 91, 42),
(7381, 58, 54),
(2952, 73, 25),
(1313, 90, 28),
(9384, 67, 52),
(6897, 36, 28),
(6401, 68, 63),
(9239, 36, 18),
(6889, 42, 30),
(1258, 25, 19),
(5650, 67, 31),
(6597, 54, 45),
(7559, 26, 8),
(1911, 95, 52),
(3390, 35, 23),
(7809, 97, 29),
(5801, 34, 11),
(5250, 95, 64),
(6563, 43, 40),
(3261, 31, 16),
(9850, 74, 33),
(6554, 88, 32),
(4465, 52, 23),
(5579, 90, 47),
(3414, 67, 61),
(9379, 70, 25),
(3352, 47, 42),
(3921, 64, 59),
(6397, 32, 12),
(1570, 49, 34),
(8647, 55, 51),
(4625, 54, 52),
(2938, 21, 10),
(6155, 49, 22),
(9710, 96, 76),
(1292, 41, 17),
(3186, 37, 14),
(5049, 87, 31),
(1858, 41, 16),
(1199, 23, 22),
(4685, 21, 20),
(8652, 80, 30),
(1780, 50, 17),
(3728, 81, 25),
(9974, 70, 64),
(5180, 95, 44),
(1731, 100, 32),
(7387, 20, 14),
(9035, 36, 12),
(3762, 97, 95),
(8935, 69, 50),
(3843, 42, 23),
(1498, 57, 46),
(4135, 43, 25),
(9438, 75, 61),
(4330, 96, 29),
(3122, 26, 12),
(4093, 77, 27),
(5249, 58, 23),
(3736, 23, 14),
(3896, 25, 25),
(4637, 88, 43),
(2970, 55, 34),
(5631, 96, 61),
(3278, 69, 66),
(4183, 47, 47),
(7287, 28, 15),
(6551, 44, 34),
(1490, 63, 58),
(7060, 33, 23),
(9630, 37, 21),
(6827, 99, 73),
(2508, 26, 17),
(8978, 39, 29),
(3028, 62, 20),
(3398, 62, 36),
(9347, 68, 61),
(6088, 54, 28),
(9678, 23, 19),
(4068, 46, 14),
(7547, 77, 53),
(7769, 96, 41),
(5047, 89, 69),
(4875, 94, 41),
(2270, 59, 25),
(5284, 33, 20),
(1374, 42, 26),
(6357, 88, 55),
(1274, 36, 23),
(3023, 63, 49),
(1287, 41, 35),
(6699, 43, 15),
(5144, 99, 30),
(7111, 81, 35),
(1884, 37, 33),
(4012, 79, 37),
(1519, 31, 31),
(7804, 89, 49),
(2023, 83, 64),
(6198, 65, 63),
(3777, 74, 22),
(1233, 43, 39),
(3764, 43, 13),
(2195, 84, 59),
(2547, 87, 30),
(8724, 29, 12),
(5867, 59, 58),
(8675, 73, 23),
(3670, 49, 19),
(3166, 45, 40),
(8008, 57, 42),
(5664, 49, 42),
(1769, 22, 17),
(1612, 72, 22),
(6910, 88, 67),
(9888, 72, 40),
(8346, 90, 37),
(8582, 67, 48),
(4876, 73, 47),
(5114, 75, 34),
(1436, 84, 44),
(2353, 91, 72),
(5352, 26, 9),
(6156, 32, 31),
(6186, 94, 62),
(9844, 92, 70),
(9970, 55, 30),
(8735, 24, 20),
(3386, 42, 24),
(9574, 89, 71),
(4215, 89, 37),
(4845, 71, 36),
(2893, 72, 63),
(7585, 58, 45),
(4293, 21, 9),
(2873, 39, 21),
(8091, 24, 9),
(6127, 97, 33),
(3979, 75, 32),
(1232, 91, 89),
(4023, 24, 12),
(6393, 67, 35),
(7248, 67, 49),
(6919, 91, 83),
(4584, 72, 29),
(7560, 53, 17),
(9257, 95, 47),
(7012, 88, 81),
(7234, 57, 47),
(3929, 48, 31),
(9816, 49, 34),
(2802, 100, 91),
(3001, 31, 15),
(6019, 96, 66),
(9840, 31, 12),
(1939, 84, 35),
(3152, 66, 65),
(3031, 100, 42),
(1373, 88, 81),
(7719, 72, 32),
(1821, 92, 86),
(2262, 71, 36),
(8719, 34, 10),
(6365, 41, 38),
(4035, 22, 17),
(6631, 82, 70),
(1871, 54, 30),
(2984, 62, 53),
(9052, 28, 27),
(5743, 82, 35),
(9922, 54, 26),
(6673, 43, 39),
(4631, 47, 45),
(2546, 65, 62),
(4367, 91, 79),
(1113, 93, 56),
(4920, 59, 54),
(1943, 41, 26),
(7279, 98, 45),
(7869, 20, 16),
(6886, 61, 40),
(1462, 84, 27),
(5102, 93, 92),
(4538, 46, 15),
(5839, 42, 31),
(5395, 98, 74),
(8447, 64, 51),
(3821, 65, 51),
(8435, 23, 7),
(4676, 28, 28),
(3623, 51, 18),
(7572, 93, 83),
(4696, 64, 30),
(4099, 20, 8),
(4802, 67, 50),
(8914, 86, 44),
(1005, 87, 87),
(5414, 21, 6),
(1659, 24, 11),
(6498, 20, 8),
(5735, 50, 34),
(8254, 77, 41),
(7042, 90, 87),
(9116, 55, 52),
(9164, 45, 45),
(3786, 54, 23),
(4725, 21, 19),
(2926, 22, 13),
(5584, 49, 23),
(4522, 32, 31),
(7599, 49, 18),
(7715, 41, 20),
(4071, 87, 66),
(8702, 83, 60),
(5680, 99, 53),
(5784, 28, 23),
(8201, 68, 42),
(6239, 25, 23),
(3211, 50, 24),
(1220, 21, 10),
(6125, 100, 65),
(2313, 38, 36),
(3709, 45, 14),
(3575, 39, 39),
(1775, 22, 8),
(5284, 77, 35),
(6249, 33, 11),
(2196, 94, 35),
(8690, 74, 38),
(6790, 100, 80),
(6455, 45, 34),
(6782, 34, 24),
(7869, 96, 91),
(2536, 28, 26),
(2639, 53, 24),
(3021, 66, 22),
(5299, 82, 62),
(8511, 98, 94),
(1268, 38, 31),
(1548, 94, 59),
(6109, 81, 47),
(1540, 63, 58),
(3719, 59, 41),
(6703, 38, 36),
(7404, 97, 49),
(2518, 30, 22),
(4636, 84, 38),
(6026, 73, 63),
(4400, 67, 23),
(7030, 43, 23),
(7457, 39, 17),
(8389, 53, 48),
(4959, 97, 96),
(4591, 34, 20),
(8133, 77, 75),
(3025, 80, 27),
(2706, 40, 29),
(6452, 26, 17),
(4655, 80, 26),
(1477, 52, 40),
(1479, 32, 30),
(5092, 91, 49),
(5719, 97, 55),
(2435, 86, 61),
(9961, 60, 43),
(4017, 68, 61),
(1031, 40, 34),
(9732, 23, 13),
(1890, 70, 30),
(6721, 66, 46),
(9567, 92, 58),
(3518, 25, 15),
(6073, 84, 66),
(8252, 28, 28),
(4001, 45, 41),
(4824, 99, 50),
(2550, 78, 27),
(9876, 22, 12),
(6096, 88, 33),
(8968, 67, 57),
(1633, 98, 71),
(2978, 20, 15),
(6279, 92, 52),
(6483, 35, 12),
(6220, 93, 51),
(3484, 77, 69),
(1817, 41, 24),
(4584, 28, 8),
(6752, 50, 18),
(4749, 96, 29),
(4958, 75, 62),
(5462, 55, 29),
(4389, 63, 42),
(1104, 93, 56),
(1177, 92, 44),
(2087, 58, 26),
(3536, 65, 34),
(7953, 74, 64),
(7174, 37, 27),
(1559, 29, 25),
(4607, 72, 55),
(5633, 56, 33),
(3618, 56, 39),
(6469, 87, 51),
(1016, 60, 46),
(8013, 88, 82),
(2681, 47, 33),
(1194, 53, 29),
(2755, 22, 7),
(4177, 20, 18),
(1328, 78, 63),
(5493, 45, 42),
(1532, 93, 89),
(7381, 59, 53),
(2952, 37, 36),
(1313, 93, 39),
(9384, 31, 27),
(6897, 93, 44),
(6401, 31, 17),
(9239, 73, 59),
(6889, 31, 10),
(1258, 82, 42),
(5650, 88, 61),
(6597, 21, 18),
(7559, 69, 34),
(1911, 47, 36),
(3390, 37, 24),
(7809, 33, 32),
(5801, 90, 36),
(5250, 48, 33),
(6563, 83, 25),
(3261, 95, 33),
(9850, 52, 48),
(6554, 37, 26),
(4465, 54, 26),
(5579, 76, 69),
(3414, 42, 13),
(9379, 46, 20),
(3352, 70, 43),
(3921, 82, 80),
(6397, 89, 71),
(1570, 91, 45),
(8647, 49, 31),
(4625, 96, 52),
(2938, 71, 63),
(6155, 81, 44),
(9710, 52, 26),
(1292, 47, 46),
(3186, 46, 44),
(5049, 84, 80),
(1858, 45, 14),
(1199, 92, 32),
(4685, 65, 27),
(8652, 28, 24),
(1780, 91, 40),
(3728, 68, 60),
(9974, 92, 89),
(5180, 73, 34),
(1731, 62, 34),
(7387, 46, 24),
(9035, 28, 20),
(3762, 32, 26),
(8935, 58, 39),
(3843, 79, 77),
(1498, 60, 54),
(4135, 62, 47),
(9438, 86, 46),
(4330, 83, 45),
(3122, 73, 67),
(4093, 37, 31),
(5249, 42, 34),
(3736, 55, 39),
(3896, 67, 42),
(4637, 29, 16),
(2970, 53, 23),
(5631, 45, 40),
(3278, 39, 19),
(4183, 72, 42),
(7287, 53, 29),
(6551, 86, 35),
(1490, 89, 38),
(7060, 39, 31),
(9630, 20, 12),
(6827, 22, 21),
(2508, 75, 25),
(8978, 35, 14),
(3028, 79, 26),
(3398, 100, 89),
(9347, 98, 58),
(6088, 99, 77),
(9678, 56, 17),
(4068, 23, 14),
(7547, 82, 41),
(7769, 49, 34),
(5047, 49, 36),
(4875, 47, 32),
(2270, 21, 8),
(5284, 36, 16),
(1374, 78, 75),
(6357, 69, 59),
(1274, 43, 30),
(3023, 25, 8),
(1287, 20, 14),
(6699, 99, 50),
(5144, 54, 19),
(7111, 52, 24),
(1884, 93, 37),
(4012, 47, 25),
(1519, 78, 30),
(7804, 37, 22),
(2023, 75, 29),
(6198, 89, 28),
(3777, 55, 37),
(1233, 21, 9),
(3764, 48, 36),
(2195, 91, 50),
(2547, 86, 63),
(8724, 92, 65),
(5867, 50, 41),
(8675, 68, 39),
(3670, 32, 18),
(3166, 78, 50),
(8008, 52, 39),
(5664, 58, 54),
(1769, 53, 38),
(1612, 54, 28),
(6910, 98, 34),
(9888, 94, 37),
(8346, 38, 33),
(8582, 50, 18),
(4876, 30, 25),
(5114, 30, 30),
(1436, 36, 17),
(2353, 49, 45),
(5352, 25, 21),
(6156, 57, 23),
(6186, 44, 37),
(9844, 54, 32),
(9970, 34, 17),
(8735, 68, 29),
(3386, 42, 14),
(9574, 43, 14),
(4215, 21, 14),
(4845, 21, 7),
(2893, 92, 49),
(7585, 40, 22),
(4293, 61, 59),
(2873, 27, 19),
(8091, 87, 41),
(6127, 91, 36),
(3979, 90, 84),
(1232, 82, 44),
(4023, 56, 33),
(6393, 71, 45),
(7248, 75, 67),
(6919, 64, 22),
(4584, 24, 19),
(7560, 80, 52),
(9257, 37, 12),
(7012, 97, 96),
(7234, 66, 38),
(3929, 23, 8),
(9816, 28, 20),
(2802, 99, 50),
(3001, 41, 14),
(6019, 82, 65),
(9840, 50, 38),
(1939, 98, 65),
(3152, 84, 81),
(3031, 97, 34),
(1373, 23, 19),
(7719, 31, 16),
(1821, 92, 65),
(2262, 42, 37),
(8719, 89, 40),
(6365, 20, 7),
(4035, 46, 33),
(6631, 22, 12),
(1871, 81, 49),
(2984, 55, 31),
(9052, 84, 81),
(5743, 99, 67),
(9922, 64, 38),
(6673, 64, 42),
(4631, 70, 25),
(2546, 89, 29),
(4367, 80, 33),
(1113, 96, 51),
(4920, 87, 77),
(1943, 66, 50),
(7279, 91, 38),
(7869, 57, 42),
(6886, 89, 36),
(1462, 87, 84),
(5102, 24, 23),
(4538, 100, 78),
(5839, 96, 57),
(5395, 78, 46),
(8447, 88, 53),
(3821, 56, 52),
(8435, 57, 55),
(4676, 35, 23),
(3623, 37, 24),
(7572, 65, 55),
(4696, 29, 20),
(4099, 50, 50),
(4802, 74, 28),
(8914, 22, 18),
(1005, 49, 24),
(5414, 40, 30),
(1659, 23, 22),
(6498, 60, 43),
(5735, 87, 70),
(8254, 90, 64),
(7042, 69, 54),
(9116, 62, 45),
(9164, 70, 46),
(3786, 58, 54),
(4725, 75, 26),
(2926, 43, 39),
(5584, 98, 87),
(4522, 45, 19),
(7599, 27, 26),
(7715, 61, 31),
(4071, 77, 60),
(8702, 98, 75),
(5680, 51, 44),
(5784, 100, 85),
(8201, 46, 34),
(6239, 30, 11),
(3211, 28, 19),
(1220, 76, 71),
(6125, 47, 27),
(2313, 40, 14),
(3709, 94, 60),
(3575, 51, 35),
(1775, 30, 24),
(5284, 84, 53),
(6249, 75, 62),
(2196, 54, 44),
(8690, 84, 28),
(6790, 81, 39),
(6455, 77, 72),
(6782, 67, 26),
(7869, 40, 20),
(2536, 100, 85),
(2639, 85, 31),
(3021, 24, 12),
(5299, 41, 13),
(8511, 32, 29),
(1268, 30, 9),
(1548, 70, 42),
(4802, 95, 86),
(8914, 94, 71),
(1005, 31, 18),
(5414, 94, 66),
(1659, 44, 34),
(6498, 61, 52),
(5735, 49, 19),
(8254, 83, 55),
(7042, 44, 32),
(9116, 59, 45),
(9164, 45, 25),
(3786, 78, 56),
(4725, 78, 28),
(2926, 24, 23),
(5584, 90, 76),
(4522, 66, 45),
(7599, 25, 18),
(7715, 54, 26),
(4071, 85, 32),
(8702, 62, 60),
(5680, 56, 22),
(5784, 79, 47),
(8201, 55, 46),
(6239, 85, 74),
(3211, 96, 40),
(1220, 75, 35),
(6125, 60, 20),
(2313, 73, 50),
(3709, 28, 13),
(3575, 23, 10),
(1775, 33, 29),
(5284, 25, 20),
(6249, 92, 52),
(2196, 73, 25),
(6239, 68, 21),
(3211, 42, 21),
(1220, 46, 46),
(6125, 93, 37),
(2313, 32, 11),
(3709, 52, 43),
(3575, 30, 12),
(1775, 26, 25),
(5284, 47, 24),
(6249, 39, 37),
(2196, 34, 16),
(8690, 48, 31),
(6790, 54, 19),
(4584, 52, 50),
(6752, 62, 48),
(4749, 72, 66),
(4958, 87, 67),
(5462, 78, 42),
(4389, 33, 23),
(1104, 45, 25),
(1177, 60, 39),
(5102, 64, 20),
(4538, 96, 73),
(5839, 69, 56),
(5395, 93, 90),
(8447, 78, 48),
(3821, 64, 29),
(8435, 25, 19),
(4676, 79, 37),
(3623, 83, 52),
(7572, 49, 30),
(4696, 25, 20),
(4099, 68, 58),
(4802, 33, 29),
(8914, 33, 30),
(1005, 78, 73),
(5414, 39, 29),
(1659, 76, 36),
(6498, 27, 27),
(5735, 69, 58),
(8582, 28, 25),
(4876, 60, 35),
(5114, 90, 66),
(1436, 21, 6),
(2353, 97, 61),
(5352, 60, 46),
(6156, 54, 46),
(6186, 56, 26),
(9844, 93, 67),
(9970, 91, 46),
(8735, 40, 24),
(3386, 58, 36),
(9574, 38, 25),
(4215, 21, 6),
(4845, 46, 27),
(2893, 52, 18),
(7585, 65, 43),
(4293, 48, 42),
(2873, 48, 46),
(8091, 40, 24),
(6127, 28, 27),
(3979, 39, 25),
(1232, 32, 16),
(4023, 33, 29),
(6393, 56, 44),
(7248, 70, 46),
(6919, 53, 35),
(4584, 67, 51),
(7560, 21, 18),
(9257, 22, 21),
(7012, 67, 49),
(7234, 90, 62),
(3929, 39, 13),
(9816, 46, 23),
(2802, 20, 10),
(3001, 75, 30),
(6019, 66, 39),
(9840, 39, 16),
(1939, 22, 17),
(3152, 81, 61),
(3031, 34, 19),
(1373, 95, 40),
(7719, 100, 87),
(1821, 30, 18),
(2262, 81, 56),
(8719, 40, 40),
(6365, 45, 17),
(4035, 65, 54),
(6631, 34, 20),
(1871, 73, 47),
(2984, 33, 33),
(9052, 58, 17),
(5743, 74, 50),
(9922, 67, 31),
(6673, 66, 64),
(4631, 96, 37),
(2546, 53, 31),
(4367, 94, 41),
(1113, 63, 60),
(4920, 64, 63),
(1943, 66, 43),
(7279, 46, 26),
(7869, 43, 41),
(6886, 90, 31),
(1462, 100, 62),
(5102, 52, 37),
(4538, 75, 50),
(5839, 58, 21),
(5395, 100, 30),
(8447, 41, 28),
(3821, 41, 39),
(8435, 23, 9),
(4676, 84, 55),
(3623, 78, 32),
(7572, 63, 35),
(4696, 62, 22),
(4099, 99, 38),
(4802, 31, 30),
(8914, 76, 45),
(1005, 73, 60),
(5414, 64, 23),
(1659, 25, 21),
(6498, 59, 48),
(5735, 52, 22),
(8254, 22, 21),
(7042, 53, 21),
(9116, 84, 45),
(9164, 24, 23),
(3786, 84, 28),
(4725, 61, 35),
(2926, 87, 80),
(5584, 60, 18),
(4522, 94, 38),
(7599, 46, 27),
(7715, 77, 43),
(4071, 24, 12),
(8702, 44, 36),
(5680, 89, 80),
(5784, 88, 67),
(8201, 30, 27),
(6239, 78, 47),
(3211, 45, 36),
(1220, 41, 15),
(6125, 31, 31),
(2313, 24, 17),
(3709, 30, 15),
(3575, 94, 79),
(1775, 91, 87),
(5284, 84, 82),
(6249, 91, 56),
(2196, 48, 20),
(8690, 74, 56),
(6790, 90, 82),
(6455, 25, 20),
(6782, 86, 40),
(7869, 73, 47),
(2536, 37, 37),
(2639, 72, 71),
(3021, 70, 45),
(5299, 85, 77),
(8511, 41, 25),
(1268, 43, 21),
(1548, 78, 37),
(4802, 96, 66),
(8914, 36, 19),
(1005, 29, 12),
(5414, 88, 43),
(1659, 91, 76),
(6498, 39, 14),
(5735, 20, 16),
(8254, 69, 57),
(7042, 42, 34),
(9116, 59, 48),
(9164, 48, 46),
(3786, 35, 14),
(4725, 51, 35),
(2926, 92, 56),
(5584, 54, 46),
(4522, 58, 58),
(7599, 40, 27),
(7715, 65, 63),
(4071, 73, 50),
(8702, 36, 31),
(5680, 76, 25),
(5784, 38, 18),
(8201, 27, 16),
(6239, 22, 8),
(3211, 43, 41),
(1220, 43, 26),
(6125, 88, 62),
(2313, 48, 18),
(3709, 50, 50),
(3575, 55, 34),
(1775, 24, 11),
(5284, 26, 18),
(6249, 100, 40),
(2196, 54, 40),
(6239, 91, 56),
(3211, 44, 25),
(1220, 66, 22),
(6125, 68, 58),
(2313, 57, 51),
(3709, 84, 81),
(3575, 21, 8),
(1775, 90, 77),
(5284, 88, 73),
(6249, 43, 41),
(2196, 94, 44),
(8690, 64, 62),
(6790, 91, 70),
(4584, 51, 51),
(6752, 71, 51),
(4749, 87, 28),
(4958, 53, 30),
(5462, 43, 15),
(4389, 89, 35),
(1104, 49, 32),
(3623, 79, 78),
(7572, 23, 19),
(4696, 52, 43),
(4099, 27, 26),
(4802, 64, 45),
(8914, 99, 52),
(1005, 41, 33),
(5414, 74, 60),
(1659, 42, 29),
(6498, 26, 20),
(5735, 71, 52),
(8582, 37, 37),
(4876, 96, 84),
(5114, 54, 41),
(1436, 33, 19);